verifier,premise,subset,coding,n,auroc,ci_lo,ci_hi,ci_includes_0.5
Bespoke-MiniCheck-7B,fact,core97,strict,83,0.5844827586206897,0.4438369850007212,0.7279501942286347,True
Bespoke-MiniCheck-7B,fact,core97,lenient,83,0.5816860465116279,0.4568580542264753,0.707276920995671,True
Bespoke-MiniCheck-7B,fact,all287,strict,287,0.5398351648351648,0.46548068048170715,0.6118166790488313,True
Bespoke-MiniCheck-7B,fact,all287,lenient,287,0.5317491425771681,0.465746207669887,0.5975142985293088,True
Bespoke-MiniCheck-7B,record,core97,strict,83,0.74,0.6165077683615819,0.8441570205157161,False
Bespoke-MiniCheck-7B,record,core97,lenient,83,0.7813953488372093,0.6809394829612222,0.8722415795586527,False
Bespoke-MiniCheck-7B,record,all287,strict,287,0.7148463781116842,0.6485466665062946,0.7770326009416201,False
Bespoke-MiniCheck-7B,record,all287,lenient,287,0.7244977951984322,0.6664692792061817,0.7819661887027807,False
DeBERTa-v3-large-mnli-fever-anli-ling-wanli,fact,core97,strict,83,0.5996551724137932,0.469297780999108,0.726964386773385,True
DeBERTa-v3-large-mnli-fever-anli-ling-wanli,fact,core97,lenient,83,0.6069767441860464,0.4787102610094013,0.7282302555168411,True
DeBERTa-v3-large-mnli-fever-anli-ling-wanli,fact,all287,strict,287,0.5220340883606189,0.44871400048216753,0.5919934356531548,True
DeBERTa-v3-large-mnli-fever-anli-ling-wanli,fact,all287,lenient,287,0.5121754042136207,0.4493060152810153,0.5766085071184123,True
DeBERTa-v3-large-mnli-fever-anli-ling-wanli,record,core97,strict,83,0.6179310344827585,0.4736597231291628,0.7523698358800226,True
DeBERTa-v3-large-mnli-fever-anli-ling-wanli,record,core97,lenient,83,0.6552325581395348,0.5356326406498032,0.7701009195117928,False
DeBERTa-v3-large-mnli-fever-anli-ling-wanli,record,all287,strict,287,0.5982563355012336,0.5313324165818277,0.6712519385800141,False
DeBERTa-v3-large-mnli-fever-anli-ling-wanli,record,all287,lenient,287,0.6094071533561979,0.5451133165695521,0.6726437694785866,False
Gemma-3-27B-it,fact,core97,strict,83,0.5179310344827586,0.3844783199281253,0.6455516735679776,True
Gemma-3-27B-it,fact,core97,lenient,83,0.5348837209302325,0.41665909090909087,0.6538886004983387,True
Gemma-3-27B-it,fact,all287,strict,287,0.48214285714285715,0.4140183216541913,0.5488765080038411,True
Gemma-3-27B-it,fact,all287,lenient,287,0.4533806957373836,0.39229974767464887,0.5166718144228658,True
Gemma-3-27B-it,record,core97,strict,83,0.7089655172413794,0.5771749254021223,0.8289510415306256,False
Gemma-3-27B-it,record,core97,lenient,83,0.7200581395348837,0.6085844693033396,0.8237619799260303,False
Gemma-3-27B-it,record,all287,strict,287,0.711230096434178,0.6450373977615155,0.7766396565695367,False
Gemma-3-27B-it,record,all287,lenient,287,0.7171729544341008,0.6576863706816947,0.7733953424987989,False
Gemma-3-27B-it-0shot,fact,core97,strict,83,0.5179310344827586,0.3844783199281253,0.6455516735679776,True
Gemma-3-27B-it-0shot,fact,core97,lenient,83,0.5348837209302325,0.41665909090909087,0.6538886004983387,True
Gemma-3-27B-it-0shot,fact,all287,strict,287,0.48214285714285715,0.4140183216541913,0.5488765080038411,True
Gemma-3-27B-it-0shot,fact,all287,lenient,287,0.4533806957373836,0.39229974767464887,0.5166718144228658,True
Gemma-3-27B-it-0shot,record,core97,strict,83,0.7375862068965517,0.6200477492485827,0.8513942225635773,False
Gemma-3-27B-it-0shot,record,core97,lenient,83,0.7872093023255814,0.688361629644498,0.8763272209779769,False
Gemma-3-27B-it-0shot,record,all287,strict,287,0.6993159901323167,0.6291417776035697,0.763461179373065,False
Gemma-3-27B-it-0shot,record,all287,lenient,287,0.7133512983831455,0.6572180943528548,0.7695350883632092,False
mDeBERTa-v3-base-mnli-xnli,fact,core97,strict,83,0.5541379310344827,0.42549840616129186,0.6842189285474222,True
mDeBERTa-v3-base-mnli-xnli,fact,core97,lenient,83,0.5877906976744186,0.4650882559490047,0.7094642010431483,True
mDeBERTa-v3-base-mnli-xnli,fact,all287,strict,287,0.48004036779546977,0.40571071123405006,0.5492587968494791,True
mDeBERTa-v3-base-mnli-xnli,fact,all287,lenient,287,0.4945369916707496,0.4282810047332706,0.5641117185360457,True
mDeBERTa-v3-base-mnli-xnli,record,core97,strict,83,0.5882758620689654,0.46428438364913777,0.7090991436100131,True
mDeBERTa-v3-base-mnli-xnli,record,core97,lenient,83,0.6127906976744186,0.4825509236351641,0.7401453488372091,True
mDeBERTa-v3-base-mnli-xnli,record,all287,strict,287,0.4952063242879569,0.4253848128047674,0.5664520398094,True
mDeBERTa-v3-base-mnli-xnli,record,all287,lenient,287,0.4916952474277315,0.4211199181129113,0.5624798793786521,True
