label_id,item_id,sentence_id,retest_id
F001,Q130,S1,
F002,Q139,S3,
F003,Q014,S2,
F004,Q076,S1,
F005,Q075,S1,
F006,Q021,S1,
F007,Q045,S2,
F008,Q013,S3,R010
F009,Q110,S1,
F010,Q064,S1,
F011,Q086,S2,R011
F012,Q094,S1,R020
F013,Q081,S1,
F014,Q114,S1,
F015,Q014,S1,
F016,Q039,S1,
F017,Q116,S2,
F018,Q010,S1,R014
F019,Q104,S3,
F020,Q074,S2,
F021,Q104,S1,
F022,Q076,S3,R013
F023,Q102,S1,
F024,Q108,S1,
F025,Q037,S2,
F026,Q108,S3,
F027,Q081,S2,
F028,Q124,S1,
F029,Q022,S1,
F030,Q096,S2,
F031,Q110,S2,
F032,Q113,S3,
F033,Q051,S2,
F034,Q130,S2,R004
F035,Q112,S1,
F036,Q045,S1,
F037,Q118,S3,R003
F038,Q035,S2,
F039,Q035,S1,
F040,Q050,S2,
F041,Q037,S4,
F042,Q057,S1,
F043,Q081,S3,
F044,Q124,S2,
F045,Q022,S2,R018
F046,Q047,S2,
F047,Q093,S1,R001
F048,Q108,S2,R005
F049,Q112,S2,
F050,Q133,S2,R009
F051,Q037,S1,
F052,Q022,S3,
F053,Q116,S1,
F054,Q113,S2,
F055,Q037,S3,
F056,Q093,S3,
F057,Q021,S2,
F058,Q047,S1,
F059,Q014,S3,
F060,Q051,S1,
F061,Q013,S1,
F062,Q096,S1,
F063,Q102,S2,R008
F064,Q133,S1,
F065,Q113,S1,R017
F066,Q074,S1,R016
F067,Q050,S1,
F068,Q102,S3,R006
F069,Q118,S1,
F070,Q013,S2,
F071,Q047,S3,R015
F072,Q035,S3,R002
F073,Q114,S2,
F074,Q010,S2,
F075,Q104,S2,
F076,Q118,S2,
F077,Q076,S2,R019
F078,Q139,S1,R007
F079,Q051,S3,
F080,Q015,S1,
F081,Q139,S2,
F082,Q050,S3,R012
F083,Q086,S1,
