model,condition,ITEST_id,step_idx,error,truncated,has_citable,n_sentences,n_content_eligible,F,cF
Qwen3-8B,full_bestmatch,6295,630,False,False,True,2,2,0.0,0.0
Qwen3-8B,full_bestmatch,3002,580,False,False,False,1,1,1.0,1.0
Qwen3-8B,full_bestmatch,3618,72,False,False,True,2,2,0.0,0.0
Qwen3-8B,full_bestmatch,1989,117,False,False,False,1,1,1.0,1.0
Qwen3-8B,full_bestmatch,3327,391,False,False,True,1,1,0.0,0.0
Qwen3-8B,full_bestmatch,2513,262,False,False,True,2,2,0.0,0.0
Qwen3-8B,full_bestmatch,7775,757,False,False,True,2,2,0.0,0.0
Qwen3-8B,full_bestmatch,2421,264,False,False,True,3,3,0.3333333333333333,0.3333333333333333
Qwen3-8B,full_bestmatch,35,558,False,False,True,2,2,0.5,0.5
Qwen3-8B,full_bestmatch,4551,36,False,False,True,2,2,0.0,0.0
Qwen3-8B,full_bestmatch,4162,981,False,False,True,3,3,0.3333333333333333,0.3333333333333333
Qwen3-8B,full_bestmatch,4255,31,False,False,True,2,2,0.0,0.0
Qwen3-8B,full_bestmatch,7775,78,False,False,True,2,2,0.0,0.0
Qwen3-8B,full_bestmatch,2421,542,False,False,True,3,3,0.0,0.0
Qwen3-8B,full_bestmatch,6939,400,False,False,False,1,1,1.0,1.0
Qwen3-8B,full_bestmatch,1922,581,False,False,True,2,2,0.0,0.0
Qwen3-8B,full_bestmatch,1922,137,False,False,True,2,2,0.5,0.5
Qwen3-8B,full_bestmatch,1240,609,False,False,True,3,3,0.0,0.0
Qwen3-8B,full_bestmatch,6410,34,False,False,False,1,1,1.0,1.0
Qwen3-8B,full_bestmatch,1469,568,False,False,True,4,4,0.0,0.0
Qwen3-8B,full_bestmatch,7355,90,False,False,True,2,2,0.0,0.0
Qwen3-8B,full_bestmatch,6093,393,False,False,True,2,2,0.0,0.0
Qwen3-8B,full_bestmatch,4621,642,False,False,True,3,3,0.0,0.0
Qwen3-8B,full_bestmatch,1172,201,False,False,True,2,2,0.0,0.0
Qwen3-8B,full_bestmatch,6476,304,False,False,True,1,1,0.0,0.0
Qwen3-8B,full_bestmatch,3413,407,False,False,True,2,2,0.0,0.0
Qwen3-8B,full_bestmatch,3069,1506,False,False,True,3,3,0.0,0.0
Qwen3-8B,full_bestmatch,1572,610,False,False,True,3,3,0.0,0.0
Qwen3-8B,full_bestmatch,5422,68,False,False,True,3,3,1.0,1.0
Qwen3-8B,full_bestmatch,1590,157,False,False,False,1,1,1.0,1.0
Qwen3-8B,full_bestmatch,6461,223,False,False,True,3,3,0.3333333333333333,0.3333333333333333
Qwen3-8B,full_bestmatch,3159,413,False,False,True,4,4,0.25,0.25
Qwen3-8B,full_bestmatch,6694,1103,False,False,True,3,3,0.3333333333333333,0.3333333333333333
Qwen3-8B,full_bestmatch,4239,438,False,False,True,3,3,0.0,0.0
Qwen3-8B,full_bestmatch,3413,381,False,False,True,4,4,0.0,0.0
Qwen3-8B,full_bestmatch,7537,296,False,False,True,3,3,0.0,0.0
Qwen3-8B,full_bestmatch,7531,21,False,False,False,1,1,1.0,1.0
Qwen3-8B,full_bestmatch,6731,113,False,False,True,3,3,0.3333333333333333,0.3333333333333333
Qwen3-8B,full_bestmatch,6057,1271,False,False,True,3,3,0.3333333333333333,0.3333333333333333
Qwen3-8B,full_bestmatch,1572,496,False,False,True,2,2,0.0,0.0
Qwen3-8B,full_bestmatch,2819,666,False,False,True,2,2,0.5,0.5
Qwen3-8B,full_bestmatch,1649,97,False,False,False,1,1,1.0,1.0
Qwen3-8B,full_bestmatch,240,564,False,False,True,2,2,0.0,0.0
Qwen3-8B,full_bestmatch,5363,141,False,False,True,3,3,0.3333333333333333,0.3333333333333333
Qwen3-8B,full_bestmatch,6235,376,False,False,True,3,3,0.3333333333333333,0.3333333333333333
Qwen3-8B,full_bestmatch,6375,87,False,False,True,3,3,0.3333333333333333,0.3333333333333333
Qwen3-8B,full_bestmatch,3687,357,False,False,False,1,1,1.0,1.0
Qwen3-8B,full_bestmatch,684,822,False,False,True,3,3,0.3333333333333333,0.3333333333333333
Qwen3-8B,full_bestmatch,3435,123,False,False,False,1,1,1.0,1.0
Qwen3-8B,full_bestmatch,1348,299,False,False,True,2,2,0.0,0.0
Qwen3-8B,full_bestmatch,37,71,False,False,True,3,3,0.0,0.0
Qwen3-8B,full_bestmatch,1951,266,False,False,True,2,2,0.0,0.0
Qwen3-8B,full_bestmatch,1470,49,False,False,True,3,3,0.3333333333333333,0.3333333333333333
Qwen3-8B,full_bestmatch,6131,44,False,False,True,3,3,0.3333333333333333,0.3333333333333333
Qwen3-8B,full_bestmatch,2570,539,False,False,True,3,3,0.3333333333333333,0.3333333333333333
Qwen3-8B,full_bestmatch,6547,308,False,False,False,1,1,1.0,1.0
Qwen3-8B,full_bestmatch,7023,258,False,False,True,2,2,0.0,0.0
Qwen3-8B,full_bestmatch,5810,290,False,False,False,1,1,1.0,1.0
Qwen3-8B,full_bestmatch,5122,10,False,False,True,3,3,0.3333333333333333,0.3333333333333333
Qwen3-8B,full_bestmatch,291,394,False,False,True,2,2,0.5,0.5
Qwen3-8B,full_bestmatch,4209,807,False,False,True,3,3,0.0,0.0
Qwen3-8B,full_bestmatch,2819,693,False,False,True,2,2,0.0,0.0
Qwen3-8B,full_bestmatch,6731,165,False,False,True,2,2,0.5,0.5
Qwen3-8B,full_bestmatch,2451,656,False,False,True,3,3,0.3333333333333333,0.3333333333333333
Qwen3-8B,full_bestmatch,6605,377,False,False,True,3,3,0.0,0.0
Qwen3-8B,full_bestmatch,473,202,False,False,True,2,2,0.0,0.0
Qwen3-8B,full_bestmatch,7093,308,False,False,True,4,4,0.0,0.0
Qwen3-8B,full_bestmatch,6627,92,False,False,False,1,1,1.0,1.0
Qwen3-8B,full_bestmatch,6914,631,False,False,True,3,3,0.0,0.0
Qwen3-8B,full_bestmatch,542,444,False,False,True,2,2,0.0,0.0
Qwen3-8B,full_bestmatch,2607,1594,False,False,True,2,2,0.0,0.0
Qwen3-8B,full_bestmatch,2263,181,False,False,True,3,3,0.0,0.0
Qwen3-8B,full_bestmatch,2895,915,False,False,True,2,2,0.0,0.0
Qwen3-8B,full_bestmatch,828,882,False,False,True,3,3,0.3333333333333333,0.3333333333333333
Qwen3-8B,full_bestmatch,3890,754,False,False,True,3,3,0.0,0.0
Qwen3-8B,full_bestmatch,1046,68,False,False,False,1,1,1.0,1.0
Qwen3-8B,full_bestmatch,6695,864,False,False,False,1,1,1.0,1.0
Qwen3-8B,full_bestmatch,1858,341,False,False,True,2,2,0.5,0.5
Qwen3-8B,full_bestmatch,6225,682,False,False,True,3,3,0.3333333333333333,0.3333333333333333
Qwen3-8B,full_bestmatch,1649,115,False,False,True,2,2,0.5,0.5
Qwen3-8B,full_bestmatch,3408,1060,False,False,True,4,4,0.0,0.0
Qwen3-8B,full_bestmatch,6226,542,False,False,True,3,3,0.0,0.0
Qwen3-8B,full_bestmatch,6964,452,False,False,False,1,1,1.0,1.0
Qwen3-8B,full_bestmatch,3195,1119,False,False,True,2,2,0.0,0.0
Qwen3-8B,full_bestmatch,3371,345,False,False,True,2,2,0.0,0.0
Qwen3-8B,full_bestmatch,1764,157,False,False,True,2,2,0.0,0.0
Qwen3-8B,full_bestmatch,3609,1734,False,False,True,3,3,0.0,0.0
Qwen3-8B,full_bestmatch,5736,129,False,False,True,2,2,0.0,0.0
Qwen3-8B,full_bestmatch,998,395,False,False,True,2,2,0.0,0.0
Qwen3-8B,full_bestmatch,1551,855,False,False,True,3,3,0.0,0.0
Qwen3-8B,full_bestmatch,5711,989,False,False,False,1,1,1.0,1.0
Qwen3-8B,full_bestmatch,3609,1394,False,False,True,2,2,0.5,0.5
Qwen3-8B,full_bestmatch,1055,394,False,False,True,2,2,0.5,0.5
Qwen3-8B,full_bestmatch,101,294,False,False,True,2,2,0.0,0.0
Qwen3-8B,full_bestmatch,4761,864,False,False,True,2,2,0.0,0.0
Qwen3-8B,full_bestmatch,1764,225,False,False,True,3,3,0.0,0.0
Qwen3-8B,full_bestmatch,5368,49,False,False,True,2,2,0.5,0.5
Qwen3-8B,full_bestmatch,476,768,False,False,True,2,2,0.5,0.5
Qwen3-8B,full_bestmatch,6876,59,False,False,True,2,2,0.0,0.0
Qwen3-8B,full_bestmatch,4255,706,False,False,True,3,3,0.3333333333333333,0.3333333333333333
Qwen3-8B,full_bestmatch,5132,67,False,False,True,2,2,0.5,0.5
Qwen3-8B,full_bestmatch,3892,28,False,False,True,2,2,0.5,0.5
Qwen3-8B,full_bestmatch,672,680,False,False,True,3,3,0.3333333333333333,0.3333333333333333
Qwen3-8B,full_bestmatch,6215,726,False,False,True,3,3,0.0,0.0
Qwen3-8B,full_bestmatch,6950,456,False,False,True,3,3,0.3333333333333333,0.3333333333333333
Qwen3-8B,full_bestmatch,6315,94,False,False,True,2,2,0.0,0.0
Qwen3-8B,full_bestmatch,387,250,False,False,True,2,2,0.0,0.0
Qwen3-8B,full_bestmatch,832,1762,False,False,True,2,2,0.5,0.5
Qwen3-8B,full_bestmatch,6694,291,False,False,True,2,2,0.5,0.5
Qwen3-8B,full_bestmatch,6410,329,False,False,True,1,1,0.0,0.0
Qwen3-8B,full_bestmatch,1469,653,False,False,True,3,3,0.0,0.0
Qwen3-8B,full_bestmatch,1348,102,False,False,True,2,2,0.0,0.0
Qwen3-8B,full_bestmatch,7717,378,False,False,True,2,2,0.0,0.0
Qwen3-8B,full_bestmatch,819,549,False,False,False,1,1,1.0,1.0
Qwen3-8B,full_bestmatch,3545,142,False,False,True,3,3,0.3333333333333333,0.3333333333333333
Qwen3-8B,full_bestmatch,7062,185,False,False,True,4,4,0.25,0.25
Qwen3-8B,full_bestmatch,2309,306,False,False,True,3,3,0.0,0.0
Qwen3-8B,full_bestmatch,2245,587,False,False,False,1,1,1.0,1.0
Qwen3-8B,full_bestmatch,5834,429,False,False,True,3,3,0.0,0.0
Qwen3-8B,full_bestmatch,1551,817,False,False,True,3,3,0.0,0.0
Qwen3-8B,full_bestmatch,6410,574,False,False,True,3,3,0.0,0.0
Qwen3-8B,full_bestmatch,832,1362,False,False,True,2,2,0.0,0.0
Qwen3-8B,full_bestmatch,3890,568,False,False,False,1,1,1.0,1.0
Qwen3-8B,full_bestmatch,6862,242,False,False,True,2,2,0.0,0.0
Qwen3-8B,full_bestmatch,2775,142,False,False,True,2,2,0.0,0.0
Qwen3-8B,full_bestmatch,4241,656,False,False,False,1,1,1.0,1.0
Qwen3-8B,full_bestmatch,391,147,False,False,True,2,2,0.0,0.0
Qwen3-8B,full_bestmatch,7233,706,False,False,True,2,2,0.5,0.5
Qwen3-8B,full_bestmatch,6731,864,False,False,True,4,4,0.25,0.25
Qwen3-8B,full_bestmatch,4165,68,False,False,True,3,3,0.3333333333333333,0.3333333333333333
Qwen3-8B,full_bestmatch,6879,199,False,False,True,4,4,0.0,0.0
Qwen3-8B,full_bestmatch,6862,1883,False,False,False,1,1,1.0,1.0
Qwen3-8B,full_bestmatch,3982,1225,False,False,False,1,1,1.0,1.0
Qwen3-8B,full_bestmatch,1177,140,False,False,True,3,3,0.3333333333333333,0.3333333333333333
Qwen3-8B,full_bestmatch,3688,60,False,False,True,3,3,0.0,0.0
Qwen3-8B,full_bestmatch,2607,295,False,False,True,2,2,0.0,0.0
Qwen3-8B,full_bestmatch,403,47,False,False,True,2,2,0.0,0.0
Qwen3-8B,full_bestmatch,5673,157,False,False,True,2,2,0.5,0.5
Qwen3-8B,full_bestmatch,3405,517,False,False,True,3,3,0.6666666666666666,0.6666666666666666
Qwen3-8B,full_bestmatch,3768,236,False,False,True,2,2,0.5,0.5
Qwen3-8B,full_bestmatch,3539,453,False,False,False,1,1,1.0,1.0
Qwen3-8B,full_bestmatch,645,52,False,False,True,2,2,0.0,0.0
Qwen3-8B,full_bestmatch,4621,484,False,False,True,3,3,0.3333333333333333,0.3333333333333333
Qwen3-8B,full_bestmatch,6252,362,False,False,True,3,3,0.3333333333333333,0.3333333333333333
Qwen3-8B,full_bestmatch,929,205,False,False,True,2,2,0.0,0.0
Qwen3-8B,full_bestmatch,1960,799,False,False,True,2,2,0.0,0.0
Qwen3-8B,full_bestmatch,4607,651,False,False,True,3,3,0.0,0.0
Qwen3-8B,full_bestmatch,6950,8,False,False,True,2,2,0.0,0.0
Qwen3-8B,full_bestmatch,5778,1268,False,False,True,3,3,0.3333333333333333,0.3333333333333333
Qwen3-8B,full_bestmatch,7717,807,False,False,True,3,3,0.3333333333333333,0.3333333333333333
Qwen3-8B,full_bestmatch,6605,236,False,False,True,4,4,0.25,0.25
Qwen3-8B,full_bestmatch,5705,102,False,False,True,2,2,0.5,0.5
Qwen3-8B,full_bestmatch,7329,333,False,False,True,2,2,0.0,0.0
Qwen3-8B,full_bestmatch,2309,1182,False,False,True,2,2,0.5,0.5
Qwen3-8B,full_bestmatch,4337,38,False,False,False,1,1,1.0,1.0
Qwen3-8B,full_bestmatch,5695,54,False,False,True,2,2,0.0,0.0
Qwen3-8B,full_bestmatch,5950,276,False,False,False,1,1,1.0,1.0
Qwen3-8B,full_bestmatch,3206,523,False,False,True,2,2,0.0,0.0
Qwen3-8B,full_bestmatch,5400,659,False,False,True,3,3,0.3333333333333333,0.3333333333333333
Qwen3-8B,full_bestmatch,35,180,False,False,True,3,3,0.0,0.0
Qwen3-8B,full_bestmatch,2711,315,False,False,True,3,3,0.6666666666666666,0.6666666666666666
Qwen3-8B,full_bestmatch,4594,291,False,False,True,3,3,0.0,0.0
Qwen3-8B,full_bestmatch,2115,282,False,False,True,1,1,0.0,0.0
Qwen3-8B,full_bestmatch,3215,91,False,False,True,3,3,0.0,0.0
Qwen3-8B,full_bestmatch,2895,161,False,False,False,1,1,1.0,1.0
Qwen3-8B,full_bestmatch,3198,176,False,False,True,3,3,0.0,0.0
Qwen3-8B,full_bestmatch,4607,29,False,False,True,3,3,0.3333333333333333,0.3333333333333333
Qwen3-8B,full_bestmatch,3215,570,False,False,True,2,2,0.5,0.5
Qwen3-8B,full_bestmatch,4369,676,False,False,True,2,2,0.0,0.0
Qwen3-8B,full_bestmatch,7769,113,False,False,True,2,2,0.5,0.5
Qwen3-8B,full_bestmatch,6862,576,False,False,True,2,2,0.5,0.5
Qwen3-8B,full_bestmatch,5781,596,False,False,True,3,3,0.0,0.0
Qwen3-8B,full_bestmatch,3408,1070,False,False,True,1,1,0.0,0.0
Qwen3-8B,full_bestmatch,1962,153,False,False,True,4,4,0.0,0.0
Qwen3-8B,full_bestmatch,476,654,False,False,False,1,1,1.0,1.0
Qwen3-8B,full_bestmatch,1371,192,False,False,True,3,3,0.6666666666666666,0.6666666666666666
Qwen3-8B,full_bestmatch,3545,220,False,False,False,1,1,1.0,1.0
Qwen3-8B,full_bestmatch,1565,387,False,False,True,2,2,0.5,0.5
Qwen3-8B,full_bestmatch,7060,184,False,False,True,3,3,0.6666666666666666,0.6666666666666666
Qwen3-8B,full_bestmatch,3256,96,False,False,True,3,3,0.3333333333333333,0.3333333333333333
Qwen3-8B,full_bestmatch,215,383,False,False,True,3,3,0.0,0.0
Qwen3-8B,full_bestmatch,4819,17,False,False,True,3,3,0.3333333333333333,0.3333333333333333
Qwen3-8B,full_bestmatch,1240,424,False,False,True,2,2,0.0,0.0
Qwen3-8B,full_bestmatch,6105,260,False,False,True,3,3,0.0,0.0
Qwen3-8B,full_bestmatch,828,861,False,False,False,1,1,1.0,1.0
Qwen3-8B,full_bestmatch,7676,731,False,False,True,3,3,0.3333333333333333,0.3333333333333333
Qwen3-8B,full_bestmatch,7369,433,False,False,True,2,2,0.5,0.5
Qwen3-8B,full_bestmatch,5663,79,False,False,True,2,2,0.0,0.0
Qwen3-8B,full_bestmatch,3198,9,False,False,False,1,1,1.0,1.0
Qwen3-8B,full_bestmatch,3521,8,False,False,True,2,2,0.0,0.0
Qwen3-8B,full_bestmatch,5705,483,False,False,True,2,2,0.0,0.0
Qwen3-8B,full_bestmatch,5894,3,False,False,True,4,4,0.0,0.0
Qwen3-8B,full_bestmatch,205,368,False,False,True,4,4,0.25,0.25
Qwen3-8B,full_bestmatch,7586,639,False,False,True,2,2,0.0,0.0
Qwen3-8B,full_bestmatch,4551,115,False,False,True,3,3,0.3333333333333333,0.3333333333333333
Qwen3-8B,full_bestmatch,5407,667,False,False,False,1,1,1.0,1.0
Qwen3-8B,full_bestmatch,2451,188,False,False,True,2,2,0.5,0.5
Qwen3-8B,full_bestmatch,2607,441,False,False,True,2,2,0.0,0.0
Qwen3-8B,full_bestmatch,5656,270,False,False,True,3,3,0.3333333333333333,0.3333333333333333
Qwen3-8B,full_bestmatch,5222,23,False,False,False,1,1,1.0,1.0
Qwen3-8B,full_bestmatch,5673,73,False,False,True,2,2,0.0,0.0
Qwen3-8B,full_bestmatch,1107,502,False,False,True,3,3,0.3333333333333333,0.3333333333333333
Qwen3-8B,full_bestmatch,6093,967,False,False,True,2,2,0.0,0.0
Qwen3-8B,full_bestmatch,6279,308,False,False,True,2,2,0.0,0.0
Qwen3-8B,full_bestmatch,6226,606,False,False,True,3,3,0.0,0.0
Qwen3-8B,full_bestmatch,3778,1621,False,False,True,2,2,0.5,0.5
Qwen3-8B,full_bestmatch,7307,308,False,False,True,3,3,0.3333333333333333,0.3333333333333333
Qwen3-8B,full_bestmatch,6308,89,False,False,True,2,2,0.0,0.0
Qwen3-8B,full_bestmatch,5919,89,False,False,True,2,2,0.0,0.0
Qwen3-8B,full_bestmatch,5695,272,False,False,True,2,2,0.0,0.0
Qwen3-8B,full_bestmatch,7493,535,False,False,True,2,2,0.5,0.5
Qwen3-8B,full_bestmatch,6849,94,False,False,False,1,1,1.0,1.0
Qwen3-8B,full_bestmatch,2513,199,False,False,True,3,3,0.3333333333333333,0.3333333333333333
Qwen3-8B,full_bestmatch,832,883,False,False,True,2,2,0.0,0.0
Qwen3-8B,full_bestmatch,114,181,False,False,True,4,4,0.25,0.25
Qwen3-8B,full_bestmatch,3609,1784,False,False,True,2,2,0.5,0.5
Qwen3-8B,full_bestmatch,3982,1061,False,False,True,1,1,0.0,0.0
Qwen3-8B,full_bestmatch,7609,39,False,False,True,2,2,0.0,0.0
Qwen3-8B,full_bestmatch,4693,318,False,False,True,3,3,0.0,0.0
Qwen3-8B,full_bestmatch,5332,200,False,False,True,3,3,0.0,0.0
Qwen3-8B,full_bestmatch,5387,628,False,False,True,3,3,0.0,0.0
Qwen3-8B,full_bestmatch,7181,408,False,False,True,3,3,0.3333333333333333,0.3333333333333333
Qwen3-8B,full_bestmatch,6862,969,False,False,True,4,4,0.25,0.25
Qwen3-8B,full_bestmatch,2738,102,False,False,True,2,2,0.5,0.5
Qwen3-8B,full_bestmatch,1649,237,False,False,True,2,2,0.0,0.0
Qwen3-8B,full_bestmatch,3069,1126,False,False,True,2,2,0.5,0.5
Qwen3-8B,full_bestmatch,1764,1388,False,False,True,2,2,0.0,0.0
Qwen3-8B,full_bestmatch,6939,398,False,False,True,3,3,0.3333333333333333,0.3333333333333333
Qwen3-8B,full_bestmatch,3559,217,False,False,True,2,2,0.0,0.0
Qwen3-8B,full_bestmatch,5295,619,False,False,True,2,2,0.0,0.0
Qwen3-8B,full_bestmatch,7775,369,False,False,True,3,3,0.0,0.0
Qwen3-8B,full_bestmatch,7329,1421,False,False,False,1,1,1.0,1.0
Qwen3-8B,full_bestmatch,2230,562,False,False,True,2,2,0.0,0.0
Qwen3-8B,full_bestmatch,1305,292,False,False,True,2,2,0.5,0.5
Qwen3-8B,full_bestmatch,3939,76,False,False,True,2,2,0.0,0.0
Qwen3-8B,full_bestmatch,6694,1359,False,False,True,2,2,0.0,0.0
Qwen3-8B,full_bestmatch,7310,223,False,False,True,3,3,0.3333333333333333,0.3333333333333333
Qwen3-8B,full_bestmatch,3929,487,False,False,True,3,3,0.0,0.0
Qwen3-8B,full_bestmatch,2570,744,False,False,True,2,2,0.5,0.5
Qwen3-8B,full_bestmatch,6764,141,False,False,True,2,2,0.0,0.0
Qwen3-8B,full_bestmatch,5673,499,False,False,True,4,4,0.0,0.0
Qwen3-8B,full_bestmatch,7636,373,False,False,True,2,2,0.5,0.5
Qwen3-8B,full_bestmatch,898,481,False,False,True,3,3,0.0,0.0
Qwen3-8B,full_bestmatch,2393,88,False,False,False,1,1,1.0,1.0
Qwen3-8B,full_bestmatch,7062,273,False,False,True,3,3,0.0,0.0
Qwen3-8B,full_bestmatch,4786,19,False,False,True,2,2,0.0,0.0
Qwen3-8B,full_bestmatch,1469,668,False,False,True,1,1,0.0,0.0
Qwen3-8B,full_bestmatch,1135,146,False,False,True,3,3,0.6666666666666666,0.6666666666666666
Qwen3-8B,full_bestmatch,6476,340,False,False,True,2,2,0.0,0.0
Qwen3-8B,full_bestmatch,7110,425,False,False,False,1,1,1.0,1.0
Qwen3-8B,full_bestmatch,5369,164,False,False,True,3,3,0.6666666666666666,0.6666666666666666
Qwen3-8B,full_bestmatch,404,159,False,False,True,1,1,0.0,0.0
Qwen3-8B,full_bestmatch,6756,173,False,False,True,3,3,0.6666666666666666,0.6666666666666666
Qwen3-8B,full_bestmatch,5767,231,False,False,True,1,1,0.0,0.0
Qwen3-8B,full_bestmatch,3195,594,False,False,True,2,2,0.0,0.0
Qwen3-8B,full_bestmatch,1572,662,False,False,True,4,4,0.25,0.25
Qwen3-8B,full_bestmatch,4722,327,False,False,True,2,2,0.0,0.0
Qwen3-8B,full_bestmatch,7308,125,False,False,True,3,3,0.3333333333333333,0.3333333333333333
Qwen3-8B,full_bestmatch,3069,184,False,False,True,2,2,0.0,0.0
Qwen3-8B,full_bestmatch,2607,1009,False,False,True,2,2,0.0,0.0
Qwen3-8B,full_bestmatch,5245,396,False,False,True,3,3,0.0,0.0
Qwen3-8B,full_bestmatch,5810,613,False,False,True,3,3,0.3333333333333333,0.3333333333333333
Qwen3-8B,full_bestmatch,6131,246,False,False,True,2,2,0.0,0.0
Qwen3-8B,full_bestmatch,1607,591,False,False,False,1,1,1.0,1.0
Qwen3-8B,full_bestmatch,1572,88,False,False,True,3,3,0.0,0.0
Qwen3-8B,full_bestmatch,1622,355,False,False,False,1,1,1.0,1.0
Qwen3-8B,full_bestmatch,1240,434,False,False,False,1,1,1.0,1.0
Qwen3-8B,full_bestmatch,738,177,False,False,True,2,2,0.0,0.0
Qwen3-8B,full_bestmatch,9,380,False,False,True,2,2,0.0,0.0
Qwen3-8B,full_bestmatch,5417,368,False,False,True,2,2,0.0,0.0
Qwen3-8B,full_bestmatch,360,81,False,False,True,3,3,0.3333333333333333,0.3333333333333333
Qwen3-8B,full_bestmatch,3890,87,False,False,False,1,1,1.0,1.0
Qwen3-8B,full_bestmatch,3206,163,False,False,True,3,3,0.3333333333333333,0.3333333333333333
Qwen3-8B,full_bestmatch,1622,182,False,False,True,3,3,0.0,0.0
Qwen3-8B,full_bestmatch,1960,652,False,False,True,2,2,0.0,0.0
Qwen3-8B,full_bestmatch,3345,732,False,False,True,2,2,1.0,1.0
Qwen3-8B,full_bestmatch,5663,619,False,False,False,1,1,1.0,1.0
Qwen3-8B,full_bestmatch,4621,425,False,False,True,3,3,0.3333333333333333,0.3333333333333333
Qwen3-8B,full_bestmatch,5387,196,False,False,True,2,2,0.0,0.0
Qwen3-8B,full_bestmatch,5695,128,False,False,True,2,2,0.5,0.5
Qwen3-8B,full_bestmatch,6048,648,False,False,True,2,2,0.5,0.5
Qwen3-8B,full_bestmatch,6974,226,False,False,True,3,3,0.3333333333333333,0.3333333333333333
Qwen3-8B,full_bestmatch,1960,557,False,False,True,3,3,0.0,0.0
Qwen3-8B,full_bestmatch,5870,312,False,False,False,1,1,1.0,1.0
Qwen3-8B,full_bestmatch,6694,791,False,False,True,3,3,0.0,0.0
Qwen3-8B,full_bestmatch,205,330,False,False,False,1,1,1.0,1.0
Qwen3-8B,full_bestmatch,7028,342,False,False,False,1,1,1.0,1.0
Qwen3-8B,full_bestmatch,1951,301,False,False,True,2,2,0.0,0.0
Qwen3-8B,full_bestmatch,2230,340,False,False,True,3,3,0.3333333333333333,0.3333333333333333
Qwen3-8B,full_bestmatch,2252,15,False,False,True,2,2,0.0,0.0
Qwen3-8B,full_bestmatch,3435,264,False,False,True,3,3,0.3333333333333333,0.3333333333333333
Qwen3-8B,full_bestmatch,2607,509,False,False,True,3,3,0.0,0.0
Qwen3-8B,full_bestmatch,3506,135,False,False,False,1,1,1.0,1.0
Qwen3-8B,full_bestmatch,3371,968,False,False,True,2,2,0.5,0.5
Qwen3-8B,full_bestmatch,6315,420,False,False,True,3,3,0.3333333333333333,0.3333333333333333
Qwen3-8B,full_bestmatch,2071,41,False,False,False,1,1,1.0,1.0
Qwen3-8B,full_bestmatch,4663,18,False,False,False,1,1,1.0,1.0
Qwen3-8B,full_bestmatch,3408,706,False,False,True,2,2,1.0,1.0
Qwen3-8B,full_bestmatch,6782,520,False,False,True,2,2,1.0,1.0
Qwen3-8B,full_bestmatch,3553,203,False,False,True,2,2,0.5,0.5
Qwen3-8B,full_bestmatch,5711,104,False,False,True,2,2,0.0,0.0
Qwen3-8B,full_bestmatch,291,191,False,False,True,3,3,0.0,0.0
Qwen3-8B,full_bestmatch,640,140,False,False,False,1,1,1.0,1.0
Qwen3-8B,full_bestmatch,3408,975,False,False,True,2,2,0.0,0.0
Qwen3-8B,full_bestmatch,6287,546,False,False,True,2,2,0.0,0.0
Qwen3-8B,full_bestmatch,7365,439,False,False,True,2,2,0.5,0.5
Qwen3-8B,full_bestmatch,6222,271,False,False,True,2,2,0.0,0.0
Qwen3-8B,full_bestmatch,832,822,False,False,True,2,2,0.0,0.0
Qwen3-8B,full_bestmatch,240,585,False,False,True,3,3,0.3333333333333333,0.3333333333333333
Qwen3-8B,full_bestmatch,929,182,False,False,True,3,3,1.0,1.0
Qwen3-8B,full_bestmatch,1989,35,False,False,True,3,3,0.3333333333333333,0.3333333333333333
Qwen3-8B,full_bestmatch,6298,275,False,False,True,2,2,0.0,0.0
Qwen3-8B,full_bestmatch,5781,336,False,False,True,2,2,0.0,0.0
Qwen3-8B,full_bestmatch,7329,446,False,False,True,2,2,0.5,0.5
Qwen3-8B,full_bestmatch,7613,114,False,False,True,2,2,0.0,0.0
Qwen3-8B,full_bestmatch,2252,517,False,False,False,1,1,1.0,1.0
Qwen3-8B,full_bestmatch,828,479,False,False,True,1,1,0.0,0.0
Qwen3-8B,full_bestmatch,6948,148,False,False,True,3,3,0.6666666666666666,0.6666666666666666
Qwen3-8B,full_bestmatch,2895,19,False,False,True,2,2,0.0,0.0
Qwen3-8B,full_bestmatch,5711,425,False,False,True,2,2,0.0,0.0
Qwen3-8B,full_bestmatch,3778,499,False,False,True,2,2,0.0,0.0
Qwen3-8B,full_bestmatch,2663,160,False,False,True,3,3,0.3333333333333333,0.3333333333333333
Qwen3-8B,full_bestmatch,7233,469,False,False,True,2,2,0.5,0.5
Qwen3-8B,full_bestmatch,3061,1653,False,False,True,4,4,0.25,0.25
Qwen3-8B,full_bestmatch,2252,122,False,False,False,1,1,1.0,1.0
Qwen3-8B,full_bestmatch,1824,268,False,False,True,3,3,0.3333333333333333,0.3333333333333333
Qwen3-8B,full_bestmatch,1574,99,False,False,False,1,1,1.0,1.0
Qwen3-8B,full_bestmatch,7181,511,False,False,True,3,3,0.3333333333333333,0.3333333333333333
Qwen3-8B,full_bestmatch,6212,13,False,False,True,2,2,0.0,0.0
Qwen3-8B,full_bestmatch,4693,344,False,False,True,3,3,0.3333333333333333,0.3333333333333333
Qwen3-8B,full_bestmatch,1980,305,False,False,True,2,2,0.0,0.0
Qwen3-8B,full_bestmatch,6694,179,False,False,False,1,1,1.0,1.0
Qwen3-8B,full_bestmatch,7511,193,False,False,True,2,2,0.0,0.0
Qwen3-8B,full_bestmatch,476,646,False,False,True,3,3,0.3333333333333333,0.3333333333333333
Qwen3-8B,full_bestmatch,1371,355,False,False,True,3,3,0.3333333333333333,0.3333333333333333
Qwen3-8B,full_bestmatch,2421,310,False,False,True,2,2,0.0,0.0
Qwen3-8B,full_bestmatch,4551,337,False,False,True,2,2,0.5,0.5
Qwen3-8B,full_bestmatch,7649,169,False,False,True,3,3,0.0,0.0
Qwen3-8B,full_bestmatch,4255,204,False,False,True,3,3,0.3333333333333333,0.3333333333333333
Qwen3-8B,full_bestmatch,2711,125,False,False,True,3,3,0.0,0.0
Qwen3-8B,full_bestmatch,6941,325,False,False,True,2,2,0.0,0.0
Qwen3-8B,full_bestmatch,5407,100,False,False,True,2,2,0.0,0.0
Qwen3-8B,full_bestmatch,5347,172,False,False,True,3,3,1.0,1.0
Qwen3-8B,full_bestmatch,5245,24,False,False,True,2,2,0.0,0.0
Qwen3-8B,full_bestmatch,5777,211,False,False,True,2,2,0.0,0.0
Qwen3-8B,full_bestmatch,7676,928,False,False,True,3,3,0.0,0.0
Qwen3-8B,full_bestmatch,1185,171,False,False,True,2,2,0.0,0.0
Qwen3-8B,full_bestmatch,832,1112,False,False,True,2,2,0.0,0.0
Qwen3-8B,full_bestmatch,3791,94,False,False,True,1,1,0.0,0.0
Qwen3-8B,full_bestmatch,363,283,False,False,True,2,2,0.5,0.5
Qwen3-8B,full_bestmatch,4241,743,False,False,True,2,2,0.0,0.0
Qwen3-8B,full_bestmatch,1305,297,False,False,True,3,3,0.3333333333333333,0.3333333333333333
Qwen3-8B,full_bestmatch,4255,400,False,False,True,3,3,0.0,0.0
Qwen3-8B,full_bestmatch,215,69,False,False,True,2,2,0.5,0.5
Qwen3-8B,full_bestmatch,3929,1049,False,False,True,3,3,0.3333333333333333,0.3333333333333333
Qwen3-8B,full_bestmatch,1266,106,False,False,True,2,2,0.0,0.0
Qwen3-8B,full_bestmatch,6695,134,False,False,True,1,1,0.0,0.0
Qwen3-8B,full_bestmatch,2924,550,False,False,True,2,2,0.5,0.5
Qwen3-8B,full_bestmatch,5267,772,False,False,True,2,2,0.5,0.5
Qwen3-8B,full_bestmatch,6950,459,False,False,True,2,2,0.5,0.5
Qwen3-8B,full_bestmatch,542,309,False,False,False,1,1,1.0,1.0
Qwen3-8B,full_bestmatch,5155,188,False,False,False,1,1,1.0,1.0
Qwen3-8B,full_bestmatch,6605,388,False,False,True,2,2,0.5,0.5
Qwen3-8B,full_bestmatch,6476,144,False,False,True,2,2,0.5,0.5
Qwen3-8B,full_bestmatch,6697,93,False,False,True,4,4,0.0,0.0
Qwen3-8B,full_bestmatch,4621,359,False,False,True,2,2,0.0,0.0
Qwen3-8B,full_bestmatch,2738,39,False,False,True,4,4,0.0,0.0
Qwen3-8B,full_bestmatch,5407,184,False,False,False,1,1,1.0,1.0
Qwen3-8B,full_bestmatch,6235,313,False,False,True,2,2,0.5,0.5
Qwen3-8B,full_bestmatch,1135,393,False,False,True,3,3,0.0,0.0
Qwen3-8B,full_bestmatch,3881,79,False,False,True,3,3,0.0,0.0
Qwen3-8B,full_bestmatch,873,177,False,False,True,4,4,0.25,0.25
Qwen3-8B,full_bestmatch,6093,760,False,False,True,3,3,0.0,0.0
Qwen3-8B,full_bestmatch,5711,470,False,False,True,3,3,0.0,0.0
Qwen3-8B,full_bestmatch,6695,1424,False,False,True,3,3,0.3333333333333333,0.3333333333333333
Qwen3-8B,full_bestmatch,4518,345,False,False,False,1,1,1.0,1.0
Qwen3-8B,full_bestmatch,7676,66,False,False,True,1,1,0.0,0.0
Qwen3-8B,full_bestmatch,6694,595,False,False,False,1,1,1.0,1.0
Qwen3-8B,full_bestmatch,3892,327,False,False,True,3,3,0.0,0.0
Qwen3-8B,full_bestmatch,5267,700,False,False,True,3,3,0.0,0.0
Qwen3-8B,full_bestmatch,6500,38,False,False,False,1,1,1.0,1.0
Qwen3-8B,full_bestmatch,6615,66,False,False,True,3,3,0.0,0.0
Qwen3-8B,full_bestmatch,3508,44,False,False,True,3,3,0.3333333333333333,0.3333333333333333
Qwen3-8B,full_bestmatch,6295,491,False,False,True,3,3,0.3333333333333333,0.3333333333333333
Qwen3-8B,full_bestmatch,676,227,False,False,True,3,3,0.3333333333333333,0.3333333333333333
Qwen3-8B,full_bestmatch,5422,184,False,False,True,3,3,0.3333333333333333,0.3333333333333333
Qwen3-8B,full_bestmatch,5347,379,False,False,True,2,2,0.0,0.0
Qwen3-8B,full_bestmatch,6308,21,False,False,True,3,3,0.0,0.0
Qwen3-8B,full_bestmatch,522,278,False,False,False,1,1,1.0,1.0
Qwen3-8B,full_bestmatch,7062,73,False,False,True,3,3,0.0,0.0
Qwen3-8B,full_bestmatch,2924,4,False,False,True,3,3,0.0,0.0
Qwen3-8B,full_bestmatch,6419,143,False,False,True,3,3,0.0,0.0
Qwen3-8B,full_bestmatch,7028,71,False,False,True,3,3,0.3333333333333333,0.3333333333333333
Qwen3-8B,full_bestmatch,5554,37,False,False,True,3,3,0.3333333333333333,0.3333333333333333
Qwen3-8B,full_bestmatch,3700,144,False,False,True,3,3,0.0,0.0
Qwen3-8B,full_bestmatch,6979,427,False,False,True,2,2,0.0,0.0
Qwen3-8B,full_bestmatch,7676,42,False,False,True,2,2,0.0,0.0
Qwen3-8B,full_bestmatch,3386,101,False,False,False,1,1,1.0,1.0
Qwen3-8B,full_bestmatch,1064,100,False,False,False,1,1,1.0,1.0
Qwen3-8B,full_bestmatch,6057,953,False,False,True,2,2,0.0,0.0
