display_id,sentence_id,sentence_en,sentence_ko,translation_ok,cited_indicators,auto_status,auto_entailment,auto_detail
Q130,S1,The student exhibits signs of overconfidence.,학생이 과신의 징후를 보입니다.,True,overconfidence,PASS,0.9931640625,
Q130,S2,The student also shows indications of slipping.,학생은 또한 미끄러지는 징후를 보인다.,True,slipping,FAIL_NLI,0.0027561187744140625,entailment=0.003 < 임계값0.5
Q085,S1,"The student exhibits signs of overconfidence, indicated by a high status level.","학생은 과신의 징후를 보이며, 높은 상태 수준을 나타내고 있습니다.",True,overconfidence,PASS,0.94970703125,
Q085,S2,"The student also shows slipping, marked by another high status level.","학생은 또한 미끄러짐을 보이며, 또 다른 높은 상태 수준으로 표시된다.",True,slipping,FAIL_NLI,0.0041046142578125,entailment=0.004 < 임계값0.5
Q140,S1,The student demonstrates a strong sense of certainty in their responses.,학생은 자신의 답변에 대해 강한 확신을 보인다.,True,overconfidence,PASS,0.73388671875,
Q140,S2,Their confidence level appears elevated compared to typical performance expectations.,그들의 자신감 수준은 일반적인 성과 기대치에 비해 높아 보인다.,True,overconfidence,PASS,0.939453125,
Q010,S1,The student exhibits signs of overconfidence.,학생이 과신의 징후를 보입니다.,True,overconfidence,PASS,0.9931640625,
Q010,S2,The student also shows indications of slipping.,학생은 또한 미끄러지는 징후를 보인다.,True,slipping,FAIL_NLI,0.0027561187744140625,entailment=0.003 < 임계값0.5
Q064,S1,The student demonstrates a high level of overconfidence.,학생이 과도한 자신감을 보여준다.,True,overconfidence,PASS,0.99365234375,
Q017,S1,"The student exhibits signs of overconfidence, indicated by a high status level.","학생은 과신의 징후를 보이며, 높은 상태 수준을 나타내고 있습니다.",True,overconfidence,PASS,0.94970703125,
Q017,S2,The student also shows a high degree of slipping.,학생은 또한 높은 정도의 실수를 보인다.,True,slipping,FAIL_NLI,0.0034332275390625,entailment=0.003 < 임계값0.5
Q077,S1,The student exhibits signs of overconfidence.,학생이 과신의 징후를 보입니다.,True,overconfidence,PASS,0.9931640625,
Q077,S2,The student also shows indications of slipping.,학생은 또한 미끄러지는 징후를 보인다.,True,slipping,FAIL_NLI,0.0027561187744140625,entailment=0.003 < 임계값0.5
Q102,S1,The student demonstrates a strong sense of certainty in their responses.,학생은 자신의 답변에 대해 강한 확신을 보인다.,True,overconfidence,PASS,0.73388671875,
Q102,S2,This indicates they may have less inclination to seek clarification or consider alternative perspectives.,이는 그들이 해명을 요청하거나 다른 관점을 고려하는 데 대한 의향이 적을 수 있음을 나타냅니다.,True,overconfidence,FAIL_NLI,0.00433349609375,entailment=0.004 < 임계값0.5
Q102,S3,Their confidence level appears elevated compared to typical performance benchmarks.,그들의 자신감 수준은 일반적인 성능 기준에 비해 높아 보인다.,True,overconfidence,PASS,0.91162109375,
Q050,S1,The student demonstrates a strong sense of certainty in their responses.,학생은 자신의 답변에 대해 강한 확신을 보인다.,True,overconfidence,PASS,0.73388671875,
Q050,S2,This confidence appears to be consistently maintained across multiple instances.,이 자신감은 여러 사례에서 일관되게 유지되는 듯하다.,True,overconfidence,FAIL_NLI,0.0011072158813476562,entailment=0.001 < 임계값0.5
Q050,S3,There is no indication of hesitation or doubt in their approach.,그들의 접근 방식에는 회의나 의심의 징후가 전혀 보이지 않는다.,True,overconfidence,FAIL_NLI,0.260498046875,entailment=0.260 < 임계값0.5
Q111,S1,The student demonstrates a strong sense of certainty in their responses despite potential inaccuracies.,"학생은 답변에서 강한 확신을 보이지만, 잠재적으로 오류가 있을 수 있음.",True,overconfidence,FAIL_NLI,0.167724609375,entailment=0.168 < 임계값0.5
Q111,S2,The level of confidence appears elevated compared to typical expectations.,자신감 수준은 일반적인 기대에 비해 높아 보인다.,True,overconfidence,PASS,0.9638671875,
Q111,S3,This may indicate a tendency to overestimate their understanding of the material.,이는 자료에 대한 이해도를 과도하게 과대평가하는 경향을 나타낼 수 있습니다.,True,overconfidence,FAIL_NLI,0.007556915283203125,entailment=0.008 < 임계값0.5
Q002,S1,The student may have been overly confident in their understanding of the skill.,학생은 기술에 대한 이해를 너무 과신했을 수도 있습니다.,True,overconfidence,FAIL_NLI,0.0019292831420898438,entailment=0.002 < 임계값0.5
Q002,S2,The student may have shown signs of inconsistency in applying the knowledge correctly.,학생은 지식을 올바르게 적용하는 데 일관성이 부족한 징후를 보일 수 있다.,True,slipping,PASS,0.75439453125,
Q134,S1,The student exhibits a strong sense of certainty in their responses despite potential inaccuracies.,"학생은 답변에서 강한 확신을 보이지만, 잠재적으로 오류가 있을 수 있음.",True,overconfidence,FAIL_NLI,0.146240234375,entailment=0.146 < 임계값0.5
Q134,S2,The level of confidence appears elevated compared to typical expectations.,자신감 수준은 일반적인 기대에 비해 높아 보인다.,True,overconfidence,PASS,0.9638671875,
Q134,S3,This may indicate a tendency to overestimate their understanding of the material.,이는 자료에 대한 이해도를 과도하게 과대평가하는 경향을 나타낼 수 있습니다.,True,overconfidence,FAIL_NLI,0.007556915283203125,entailment=0.008 < 임계값0.5
Q103,S1,The student may have overestimated their ability to handle the skill correctly.,학생은 해당 기술을 올바르게 처리할 능력을 과대평가했을 수도 있습니다.,True,overconfidence,FAIL_NLI,0.005584716796875,entailment=0.006 < 임계값0.5
Q103,S2,"This appears to be, though this is not Certain, a sign of confidence beyond what is warranted.","이는 확실하지는 않지만, 과도한 자신감의 징후로 보인다.",True,overconfidence,PASS,0.81201171875,
Q103,S3,The level of overconfidence recorded suggests a potential disconnect between actual performance and perceived mastery.,기록된 과신 수준은 실제 수행 능력과 인식된 숙련도 사이의 잠재적 불일치를 시사한다.,True,overconfidence,FAIL_NLI,0.0281982421875,entailment=0.028 < 임계값0.5
Q129,S1,The student demonstrates a strong sense of certainty in their responses.,학생은 자신의 답변에 대해 강한 확신을 보인다.,True,overconfidence,PASS,0.73388671875,
Q129,S2,This confidence appears to be consistently high throughout the task.,이 자신감은 작업 전반에 걸쳐 일관되게 높아 보인다.,True,overconfidence,FAIL_NLI,0.00144195556640625,entailment=0.001 < 임계값0.5
Q129,S3,There is no indication of hesitation or doubt in their approach.,그들의 접근 방식에는 회의나 의심의 징후가 전혀 보이지 않는다.,True,overconfidence,FAIL_NLI,0.260498046875,entailment=0.260 < 임계값0.5
Q127,S1,The student demonstrated a strong sense of certainty in their responses.,학생은 답변에서 강한 확신을 보여주었다.,True,overconfidence,PASS,0.6708984375,
Q127,S2,The level of confidence indicated was maximal.,표시된 자신감 수준은 최대였다.,True,overconfidence,FAIL_NLI,0.2366943359375,entailment=0.237 < 임계값0.5
Q127,S3,There appears to be no indication of doubt or hesitation in their approach.,그들의 접근 방식에는 의심이나 망설임의 징후가 보이지 않는다.,True,overconfidence,FAIL_NLI,0.334716796875,entailment=0.335 < 임계값0.5
Q101,S1,"The student exhibits signs of overconfidence, indicated by a high level of certainty in their responses.",학생은 답변에 대한 높은 확신을 보여주는 과신의 징후를 보입니다.,True,overconfidence,PASS,0.70947265625,
Q101,S2,"The student also shows tendencies of slipping, suggesting occasional lapses in attention or focus.","학생은 또한 미끄러지는 경향을 보이며, 주의나 집중력에 대한 가끔씩의 소홀을 시사한다.",True,slipping,FAIL_NLI,0.00861358642578125,entailment=0.009 < 임계값0.5
Q117,S1,The student may have been overly confident in their ability to handle the task.,학생은 작업을 처리할 수 있다는 자신감이 지나치게 있었을 수도 있습니다.,True,overconfidence,FAIL_NLI,0.004795074462890625,entailment=0.005 < 임계값0.5
Q117,S2,The student may have made errors due to a lack of attention or focus.,학생은 주의력이나 집중력 부족으로 인해 오류를 범했을 수도 있습니다.,True,slipping,FAIL_NLI,0.01029205322265625,entailment=0.010 < 임계값0.5
Q032,S1,The student may have overestimated their ability to interpret the number line correctly.,학생은 수선을 올바르게 해석할 수 있는 능력을 과대평가했을 수도 있습니다.,True,overconfidence,FAIL_NLI,0.0008668899536132812,entailment=0.001 < 임계값0.5
Q032,S2,This indicates a potential lack of awareness regarding their actual skill level in this task.,이는 이 작업에서 실제 기술 수준에 대한 인식 부족의 가능성을 나타냅니다.,True,overconfidence,FAIL_NLI,0.029296875,entailment=0.029 < 임계값0.5
Q032,S3,There appears to be a disconnect between perceived and actual performance.,인식된 성과와 실제 성과 사이에 차이가 있는 것으로 보인다.,True,overconfidence,PASS,0.5615234375,
Q019,S1,The student demonstrates a strong sense of confidence in their ability to interpret number lines.,학생은 수선을 해석할 능력에 대한 자신감을 강하게 보여준다.,True,overconfidence,FAIL_NLI,0.0004916191101074219,entailment=0.000 < 임계값0.5
Q019,S2,The student also shows signs of inconsistency in maintaining accurate responses throughout the task.,학생은 작업 전반에 걸쳐 정확한 답변을 유지하는 데 일관성이 부족한 징후를 보인다.,True,slipping,FAIL_NLI,0.00319671630859375,entailment=0.003 < 임계값0.5
Q066,S1,The student may have been overly confident in their ability to solve problems related to multiplying decimals.,학생은 소수의 곱셈 관련 문제를 해결할 능력에 대해 과도하게 자신감을 가졌을 수도 있습니다.,True,overconfidence,FAIL_NLI,0.0005002021789550781,entailment=0.001 < 임계값0.5
Q066,S2,"This confidence appears to be consistently high, though this is not certain.","이 자신감은 일관되게 높아 보이지만, 이는 확실하지 않습니다.",True,overconfidence,FAIL_NLI,0.0066070556640625,entailment=0.007 < 임계값0.5
Q066,S3,There is no clear indication of specific strategies being used to address challenges in this skill area.,이 기술 분야에서 도전 과제에 대응하기 위한 구체적인 전략이 사용되고 있음을 분명히 나타내는 증거는 없습니다.,True,overconfidence,FAIL_NLI,0.0068817138671875,entailment=0.007 < 임계값0.5
Q022,S1,The student may have overestimated their ability to handle complex problems.,학생은 복잡한 문제를 처리할 능력이 과도하게 과대평가되었을 수도 있습니다.,True,overconfidence,FAIL_NLI,0.003711700439453125,entailment=0.004 < 임계값0.5
Q022,S2,There is no clear indication of any specific strategy being consistently applied or avoided.,어떤 특정 전략이 일관되게 적용되거나 회피되고 있는지에 대한 명확한 징후는 없다.,True,overconfidence,FAIL_NLI,0.00933837890625,entailment=0.009 < 임계값0.5
Q022,S3,The level of confidence expressed does not seem to align with observable problem-solving actions.,표현된 자신감 수준은 관찰 가능한 문제 해결 행동과 일치하지 않는 듯 보인다.,True,overconfidence,FAIL_NLI,0.004474639892578125,entailment=0.004 < 임계값0.5
Q089,S1,The student demonstrates a strong sense of confidence in their abilities.,학생은 자신의 능력에 대해 강한 자신감을 보여준다.,True,overconfidence,FAIL_NLI,0.23828125,entailment=0.238 < 임계값0.5
Q089,S2,The student also shows signs of inconsistency in maintaining focus during tasks.,학생은 작업 중 집중력을 유지하는 데 일관성이 부족한 징후도 보인다.,True,slipping,FAIL_NLI,0.00518798828125,entailment=0.005 < 임계값0.5
Q131,S1,The student exhibits a strong sense of overconfidence in their understanding of probability concepts.,학생은 확률 개념에 대한 이해에 대해 과도한 자신감을 보인다.,True,overconfidence,FAIL_NLI,0.0009179115295410156,entailment=0.001 < 임계값0.5
Q131,S2,This high level of confidence may lead to less careful consideration of alternative solutions.,이 높은 수준의 자신감은 대안적인 해결책에 대한 신중한 고려를 줄일 수 있다.,True,overconfidence,FAIL_NLI,0.0012369155883789062,entailment=0.001 < 임계값0.5
Q131,S3,"At the same time, there appears to be a notable presence of unproductive frustration during problem-solving tasks.",문제 해결 과제 중에서 비생산적인 좌절이 상당히 나타나는 것으로 보인다.,True,unproductive_frustration,FAIL_NLI,0.268798828125,entailment=0.269 < 임계값0.5
Q037,S1,The student may have overestimated their ability to perform the task successfully.,학생은 작업을 성공적으로 수행할 수 있는 능력을 과대평가했을 수도 있습니다.,True,overconfidence,FAIL_NLI,0.00753021240234375,entailment=0.008 < 임계값0.5
Q037,S2,This indicates a possible lack of awareness regarding the difficulty of the skill being practiced.,이는 연습 중인 기술의 어려움에 대한 인식 부족이 있을 수 있음을 나타냅니다.,True,overconfidence,FAIL_NLI,0.003063201904296875,entailment=0.003 < 임계값0.5
Q037,S3,There appears to be a tendency to rely on prior knowledge rather than current feedback.,이전 지식에 의존하는 경향이 있는 것으로 보인다.,True,overconfidence,FAIL_NLI,0.419677734375,entailment=0.420 < 임계값0.5
Q037,S4,The high level of confidence might lead to less attention given to corrective guidance.,높은 자신감은 교정 지도에 대한 관심을 줄일 수 있다.,True,overconfidence,FAIL_NLI,0.0006318092346191406,entailment=0.001 < 임계값0.5
Q093,S1,The student may have been avoiding tasks that require critical thinking.,학생은 비판적 사고가 필요한 작업을 피했을 수도 있습니다.,True,cognitive_avoidance,FAIL_NLI,0.09521484375,entailment=0.095 < 임계값0.5
Q093,S2,The behavior suggests a possible reluctance to engage deeply with complex material.,이 행동은 복잡한 자료와 깊이적으로 소통하는 데 대한 가능성이 있는 거부감을 나타냅니다.,True,cognitive_avoidance} There appears to be a trend of minimizing effort in analytical activities. [cognitive_avoidance},FAIL_INVALID_REF,,Stage 1에 없는 지표 인용: {'cognitive_avoidance} There appears to be a trend of minimizing effort in analytical activities. [cognitive_avoidance}'} — 환각 의심
Q093,S3,The pattern indicates a potential inclination to bypass challenging aspects of work.,이 패턴은 작업의 어려운 측면을 회피하는 잠재적인 경향을 나타냅니다.,True,cognitive_avoidance,PASS,0.95751953125,
Q053,S1,"The student provided a correct response without seeking assistance, though it remains unclear whether this indicates a deep understanding developed through effort or a chance occurrence.","학생은 도움을 요청하지 않고 올바른 답변을 제공했지만, 이는 노력으로 인한 깊은 이해를 나타내는지, 아니면 우연한 일치인지 여전히 불확실하다.",True,confidence_triad,PASS,0.7607421875,
Q053,S2,"The student demonstrated a strong inclination to avoid engaging deeply with challenging tasks, as evidenced by their frequent reluctance to attempt problems requiring sustained mental effort.","학생은 어려운 과제에 깊이적으로 접근하는 것을 피하려는 강한 경향을 보였으며, 이는 지속적인 정신적 노력이 필요한 문제를 시도하는 데 대한 빈번한 불편함으로 입증되었다.",True,cognitive_avoidance,FAIL_NLI,0.0202484130859375,entailment=0.020 < 임계값0.5
Q053,S3,There appears to be a notable disconnect between the student’s ability to produce accurate answers and their willingness to engage in the process of working through difficulties.,학생이 어려움을 극복하는 과정에 참여하는 의지와 정확한 답을 제시할 수 있는 능력 사이에 뚜렷한 차이가 있는 것으로 보인다.,True,cognitive_avoidance,PASS,0.84814453125,
Q040,S1,"The response was correct without the need for hints, yet the available data does not provide enough clarity to determine whether this accuracy stemmed from genuine understanding, luck, or a lack of confidence.","힌트 없이도 정확한 답변이었지만, 가용 데이터는 이 정확성이 진정한 이해, 운, 또는 불신을 기반으로 한 것인지 구분하기에 충분하지 않습니다.",True,confidence_triad,PASS,0.99169921875,
Q040,S2,There appears to be a complex interplay between the student’s approach to problem-solving and their perceived ability to handle difficult material.,학생이 문제 해결에 접근하는 방식과 어려운 내용을 다루는 데 대한 인식 사이에 복잡한 상호작용이 있는 것으로 보인다.,True,confidence_triad,FAIL_NLI,0.0992431640625,entailment=0.099 < 임계값0.5
Q031,S1,The student exhibits clear signs of avoiding challenging tasks.,학생은 도전적인 과제를 피하는 뚜렷한 징후를 보입니다.,True,cognitive_avoidance,PASS,0.95654296875,
Q031,S2,The behavior suggests a preference for simpler activities over more complex ones.,이 행동은 더 복잡한 활동보다 더 간단한 활동을 선호하는 것을 나타낸다.,True,cognitive_avoidance} There is no indication of engagement with difficult problems. [cognitive_avoidance,FAIL_INVALID_REF,,Stage 1에 없는 지표 인용: {'cognitive_avoidance} There is no indication of engagement with difficult problems. [cognitive_avoidance'} — 환각 의심
Q124,S1,"The student provided a correct response without requiring assistance, though the nature of this success remains unclear.","학생은 도움 없이 올바른 답변을 제공했지만, 이 성공의 본질은 여전히 불분명하다.",True,confidence_triad,PASS,0.94677734375,
Q124,S2,The student demonstrated a strong indication of avoiding challenging tasks.,학생은 도전적인 과제를 피하는 뚜렷한 징후를 보여주었다.,True,cognitive_avoidance,PASS,0.9951171875,
Q051,S1,The student exhibits clear signs of avoiding challenging tasks.,학생은 도전적인 과제를 피하는 뚜렷한 징후를 보입니다.,True,cognitive_avoidance,PASS,0.95654296875,
Q051,S2,"The behavior appears to be persistent, indicating a strong inclination to steer clear of complex situations.","이 행동은 지속적인 것으로 보이며, 복잡한 상황을 피하려는 강한 경향을 나타내고 있다.",True,cognitive_avoidance,PASS,0.9541015625,
Q051,S3,This trend may suggest a reluctance to engage deeply with difficult material.,이 경향은 어려운 내용과 깊이적으로 소통하려는 의지가 부족하다는 것을 시사할 수 있다.,True,cognitive_avoidance,FAIL_NLI,0.0241546630859375,entailment=0.024 < 임계값0.5
Q033,S1,The student exhibits clear signs of avoiding challenging tasks.,학생은 도전적인 과제를 피하는 뚜렷한 징후를 보입니다.,True,cognitive_avoidance,PASS,0.95654296875,
Q033,S2,This behavior may indicate a preference for simpler activities.,이 행동은 더 간단한 활동을 선호하는 것을 나타낼 수 있습니다.,True,cognitive_avoidance} There appears to be a consistent pattern of steering away from complex problems. [cognitive_avoidance},FAIL_INVALID_REF,,Stage 1에 없는 지표 인용: {'cognitive_avoidance} There appears to be a consistent pattern of steering away from complex problems. [cognitive_avoidance}'} — 환각 의심
Q122,S1,The student exhibits clear signs of avoiding challenging tasks.,학생은 도전적인 과제를 피하는 뚜렷한 징후를 보입니다.,True,cognitive_avoidance,PASS,0.95654296875,
Q122,S2,The behavior suggests a preference for simpler activities over more complex ones.,이 행동은 더 복잡한 활동보다 더 간단한 활동을 선호하는 것을 나타낸다.,True,cognitive_avoidance} There appears to be a strong inclination towards minimizing mental effort. [cognitive_avoidance},FAIL_INVALID_REF,,Stage 1에 없는 지표 인용: {'cognitive_avoidance} There appears to be a strong inclination towards minimizing mental effort. [cognitive_avoidance}'} — 환각 의심
Q122,S3,The pattern indicates a consistent trend rather than random occurrences.,이 패턴은 무작위적인 일어나는 일들보다 일관된 추세를 나타냅니다.,True,cognitive_avoidance,FAIL_NLI,0.170166015625,entailment=0.170 < 임계값0.5
Q075,S1,The student may have avoided engaging deeply with the problem-solving process.,학생은 문제 해결 과정에 깊이 참여하지 않을 수 있다.,True,cognitive_avoidance,FAIL_NLI,0.369384765625,entailment=0.369 < 임계값0.5
Q075,S2,This could indicate a reluctance to confront challenging aspects of the task.,이는 작업의 어려운 측면에 직면하는 것을 꺼리는 태도를 나타낼 수 있습니다.,True,cognitive_avoidance} There appears to be a pattern of disengagement rather than active participation. [cognitive_avoidance},FAIL_INVALID_REF,,Stage 1에 없는 지표 인용: {'cognitive_avoidance} There appears to be a pattern of disengagement rather than active participation. [cognitive_avoidance}'} — 환각 의심
Q099,S1,The student may have avoided engaging deeply with the function evaluation task.,학생은 함수 평가 작업에 깊이적으로 참여하지 않았을 수도 있습니다.,True,cognitive_avoidance,FAIL_NLI,0.0010461807250976562,entailment=0.001 < 임계값0.5
Q099,S2,This avoidance could manifest through superficial responses or reluctance to explore complex aspects of the skill.,이 회피는 표면적인 반응이나 기술의 복잡한 측면을 탐구하는 것을 거부하는 태도로 나타날 수 있다.,True,cognitive_avoidance,FAIL_NLI,0.0111846923828125,entailment=0.011 < 임계값0.5
Q099,S3,There appears to be a pattern of disengagement rather than active problem-solving.,비활성화된 문제 해결보다는 탈진의 패턴이 보인다.,True,cognitive_avoidance,PASS,0.98583984375,
Q057,S1,The student may have avoided engaging deeply with the problem-solving process.,학생은 문제 해결 과정에 깊이 참여하지 않을 수 있다.,True,cognitive_avoidance,FAIL_NLI,0.369384765625,entailment=0.369 < 임계값0.5
Q057,S2,This could indicate a reluctance to confront challenging aspects of the task.,이는 작업의 어려운 측면에 직면하는 것을 꺼리는 태도를 나타낼 수 있습니다.,True,cognitive_avoidance} There appears to be a tendency to disengage rather than persist through difficulties. [cognitive_avoidance},FAIL_INVALID_REF,,Stage 1에 없는 지표 인용: {'cognitive_avoidance} There appears to be a tendency to disengage rather than persist through difficulties. [cognitive_avoidance}'} — 환각 의심
Q052,S1,The student may have been avoiding engaging deeply with the problem-solving process.,학생이 문제 해결 과정에 깊이 참여하는 것을 피했을 수도 있습니다.,True,cognitive_avoidance,FAIL_NLI,0.44873046875,entailment=0.449 < 임계값0.5
Q052,S2,The behavior suggests a reluctance to confront challenging aspects of the task.,이 행동은 작업의 어려운 측면에 직면하는 것을 꺼리는 태도를 나타낸다.,True,cognitive_avoidance} There appears to be a pattern of disengagement rather than active participation. [cognitive_avoidance},FAIL_INVALID_REF,,Stage 1에 없는 지표 인용: {'cognitive_avoidance} There appears to be a pattern of disengagement rather than active participation. [cognitive_avoidance}'} — 환각 의심
Q052,S3,The level of avoidance indicates a possible lack of confidence or interest in tackling complex equations.,회피 수준은 복잡한 방정식을 해결하는 데 대한 부족한 자신감이나 관심을 나타낼 수 있다.,True,cognitive_avoidance,FAIL_NLI,0.00481414794921875,entailment=0.005 < 임계값0.5
Q123,S1,The student may have been avoiding engaging deeply with the problem-solving process.,학생이 문제 해결 과정에 깊이 참여하는 것을 피했을 수도 있습니다.,True,cognitive_avoidance,FAIL_NLI,0.44873046875,entailment=0.449 < 임계값0.5
Q123,S2,The tendency appears to be evident in their approach to tackling the task.,그들의 작업에 대한 접근 방식에서 이 경향이 분명하게 드러나 보인다.,True,cognitive_avoidance,FAIL_NLI,0.342041015625,entailment=0.342 < 임계값0.5
Q123,S3,There is a noticeable lack of effort in applying the required mathematical strategies.,필요한 수학 전략을 적용하는 데 있어 노력이 부족한 점이 눈에 띈다.,True,cognitive_avoidance,FAIL_NLI,0.0240631103515625,entailment=0.024 < 임계값0.5
Q116,S1,The student may have avoided engaging deeply with the problem-solving process.,학생은 문제 해결 과정에 깊이 참여하지 않을 수 있다.,True,cognitive_avoidance,FAIL_NLI,0.369384765625,entailment=0.369 < 임계값0.5
Q116,S2,This could indicate a reluctance to confront challenging aspects of the task.,이는 작업의 어려운 측면에 직면하는 것을 꺼리는 태도를 나타낼 수 있습니다.,True,cognitive_avoidance} There appears to be a pattern of disengagement rather than active participation. [cognitive_avoidance,FAIL_INVALID_REF,,Stage 1에 없는 지표 인용: {'cognitive_avoidance} There appears to be a pattern of disengagement rather than active participation. [cognitive_avoidance'} — 환각 의심
Q003,S1,"The student demonstrated a strong indication of avoiding challenging tasks, as evidenced by the high cognitive avoidance score.","학생은 도전적인 과제를 피하는 데 강한 징후를 보였으며, 이는 높은 인지 회피 점수로 입증된다.",True,cognitive_avoidance,FAIL_NLI,0.0033931732177734375,entailment=0.003 < 임계값0.5
Q003,S2,"The response to the question could not be definitively categorized due to insufficient data to determine if the correct answer resulted from understanding, luck, or lack of confidence.","질문에 대한 답변은 이해, 운, 또는 자신감 부족으로 인한 것인지 판단하기에 데이터가 부족하여 명확히 분류할 수 없었다.",True,confidence_triad,PASS,0.9736328125,
Q003,S3,"There appears to be a potential conflict between the high confidence level and the tendency to avoid difficult work, though this remains uncertain.","높은 신뢰 수준과 어려운 일을 피하는 경향 사이에 잠재적인 갈등이 있을 수 있지만, 이는 여전히 불확실합니다.",True,confidence_triad,FAIL_NLI,0.421630859375,entailment=0.422 < 임계값0.5
Q138,S1,The student may have avoided engaging deeply with the problem-solving process.,학생은 문제 해결 과정에 깊이 참여하지 않을 수 있다.,True,cognitive_avoidance,FAIL_NLI,0.369384765625,entailment=0.369 < 임계값0.5
Q138,S2,There appears to be a tendency to make errors during task execution.,작업 수행 중 오류를 발생시키는 경향이 있는 것으로 보인다.,True,slipping,FAIL_NLI,0.267578125,entailment=0.268 < 임계값0.5
Q125,S1,The student may have avoided engaging deeply with the task due to discomfort or uncertainty.,학생은 불편함이나 불확실함으로 인해 작업에 깊이 참여하지 않은 것으로 보일 수 있다.,True,cognitive_avoidance,FAIL_NLI,0.024566650390625,entailment=0.025 < 임계값0.5
Q125,S2,"There appears to be a noticeable inconsistency in performance, suggesting difficulty maintaining focus or accuracy.","성능에 있어 눈에 띄는 불일치가 있는 것으로 보이며, 집중력이나 정확도를 유지하는 데 어려움이 있을 가능성이 있습니다.",True,slipping,FAIL_NLI,0.02978515625,entailment=0.030 < 임계값0.5
Q067,S1,"The student demonstrated a strong engagement with the task, making independent judgments despite using a hint.","학생은 작업에 대한 강한 참여를 보였으며, 단서를 사용하더라도 독립적인 판단을 내렸다.",True,productive_struggle,FAIL_NLI,0.2978515625,entailment=0.298 < 임계값0.5
Q067,S2,"The student also showed a clear inclination to avoid deeper cognitive effort, indicating a preference for less challenging paths.","학생은 또한 더 깊은 인지적 노력은 피하는 경향이 있었으며, 이는 덜 도전적인 길을 선호하는 것을 나타냈다.",True,cognitive_avoidance,FAIL_NLI,0.0665283203125,entailment=0.067 < 임계값0.5
Q067,S3,This combination suggests a complex interaction between persistence and avoidance tendencies.,이 조합은 지속성과 회피 경향 사이의 복잡한 상호작용을 시사합니다.,True,cognitive_avoidance;productive_struggle,FAIL_NLI,0.02508544921875,entailment=0.025 < 임계값0.5
Q015,S1,The student may have avoided engaging deeply with the number line task.,학생은 수선 작업에 깊이 참여하지 않을 수 있다.,True,cognitive_avoidance,FAIL_NLI,0.0010786056518554688,entailment=0.001 < 임계값0.5
Q015,S2,This avoidance could manifest through minimal effort or incomplete responses.,이 회피는 최소한의 노력이나 불완전한 답변을 통해 나타날 수 있다.,True,cognitive_avoidance} There appears to be a reluctance to fully participate in the activity. [cognitive_avoidance},FAIL_INVALID_REF,,Stage 1에 없는 지표 인용: {'cognitive_avoidance} There appears to be a reluctance to fully participate in the activity. [cognitive_avoidance}'} — 환각 의심
Q119,S1,The student may have avoided engaging deeply with the material.,학생은 자료와 깊이적으로 소통하지 않을 수 있다.,True,cognitive_avoidance,FAIL_NLI,0.01348876953125,entailment=0.013 < 임계값0.5
Q119,S2,The behavior suggests a possible reluctance to confront challenging aspects of the task.,이 행동은 작업의 어려운 측면에 직면하는 데 대한 가능성이 있는 주저를 나타냅니다.,True,cognitive_avoidance} There appears to be a trend of disengagement rather than active problem-solving. [cognitive_avoidance},FAIL_INVALID_REF,,Stage 1에 없는 지표 인용: {'cognitive_avoidance} There appears to be a trend of disengagement rather than active problem-solving. [cognitive_avoidance}'} — 환각 의심
Q119,S3,The pattern indicates a lack of commitment to mastering the skill.,이 패턴은 기술을 마스터하는 데 대한 의지가 부족함을 나타냅니다.,True,cognitive_avoidance,FAIL_NLI,0.0120391845703125,entailment=0.012 < 임계값0.5
Q061,S1,The student may have been avoiding tasks related to calculating perimeters.,학생은 둘레 계산과 관련된 과제를 피하고 있었을 수도 있습니다.,True,cognitive_avoidance,FAIL_NLI,0.0006480216979980469,entailment=0.001 < 임계값0.5
Q061,S2,This avoidance could indicate a reluctance to engage with the skill being practiced.,이 회피는 연습하는 기술과 소통하려는 의욕이 부족함을 나타낼 수 있다.,True,cognitive_avoidance} There appears to be a pattern of disengagement during step 100. [cognitive_avoidance},FAIL_INVALID_REF,,Stage 1에 없는 지표 인용: {'cognitive_avoidance} There appears to be a pattern of disengagement during step 100. [cognitive_avoidance}'} — 환각 의심
Q061,S3,The behavior suggests a possible difficulty in applying the concept of perimeter.,이 행동은 둘레 개념을 적용하는 데 어려움이 있을 수 있음을 시사합니다.,True,cognitive_avoidance,FAIL_NLI,0.0038967132568359375,entailment=0.004 < 임계값0.5
Q106,S1,The student may have avoided engaging deeply with the task due to discomfort or uncertainty.,학생은 불편함이나 불확실함으로 인해 작업에 깊이 참여하지 않은 것으로 보일 수 있다.,True,cognitive_avoidance,FAIL_NLI,0.024566650390625,entailment=0.025 < 임계값0.5
Q106,S2,The behavior suggests a reluctance to confront challenging aspects of the skill being practiced.,이 행동은 연습 중인 기술의 어려운 측면에 직면하는 것을 꺼리는 태도를 나타냅니다.,True,cognitive_avoidance} There appears to be a pattern of disengagement rather than active participation. [cognitive_avoidance},FAIL_INVALID_REF,,Stage 1에 없는 지표 인용: {'cognitive_avoidance} There appears to be a pattern of disengagement rather than active participation. [cognitive_avoidance}'} — 환각 의심
Q106,S3,The tendency indicates a possible lack of confidence in executing the step effectively.,이 경향은 해당 단계를 효과적으로 실행하는 데 대한 신뢰 부족이 있을 수 있음을 나타냅니다.,True,cognitive_avoidance,FAIL_NLI,0.00489044189453125,entailment=0.005 < 임계값0.5
Q062,S1,The student exhibits clear signs of avoiding challenging tasks related to multiplication.,학생은 곱셈과 관련된 도전적인 과제를 피하는 뚜렷한 징후를 보입니다.,True,cognitive_avoidance,FAIL_NLI,0.00035572052001953125,entailment=0.000 < 임계값0.5
Q062,S2,The behavior suggests a reluctance to engage deeply with complex problems.,이 행동은 복잡한 문제에 깊이적으로 접근하는 것을 꺼리는 태도를 나타낸다.,True,cognitive_avoidance} There may be an underlying hesitation to confront difficulties in the skill area. [cognitive_avoidance},FAIL_INVALID_REF,,Stage 1에 없는 지표 인용: {'cognitive_avoidance} There may be an underlying hesitation to confront difficulties in the skill area. [cognitive_avoidance}'} — 환각 의심
Q079,S1,The student may have avoided engaging deeply with the concept being taught.,학생은 가르치고 있는 개념과 깊이적으로 소통하지 않을 수 있다.,True,cognitive_avoidance,FAIL_NLI,0.0256195068359375,entailment=0.026 < 임계값0.5
Q079,S2,This avoidance could manifest through minimal effort or disengagement during the task.,이 회피는 작업 중 최소한의 노력이나 참여를 중단하는 방식으로 나타날 수 있다.,True,cognitive_avoidance} There appears to be a reluctance to confront challenging aspects of the skill. [cognitive_avoidance,FAIL_INVALID_REF,,Stage 1에 없는 지표 인용: {'cognitive_avoidance} There appears to be a reluctance to confront challenging aspects of the skill. [cognitive_avoidance'} — 환각 의심
Q073,S1,The student provided a correct response without requiring assistance.,학생은 도움 없이 올바른 답변을 제공했습니다.,True,confidence_triad,PASS,0.96435546875,
Q073,S2,This outcome could indicate either a well-reasoned solution following some form of effort or a chance occurrence.,"이 결과는 어떤 형태의 노력 끝에 이른 잘 설계된 해결책이었거나, 우연한 일이었을 수도 있습니다.",True,confidence_triad,PASS,0.6318359375,
Q073,S3,The available information does not definitively clarify the nature of the student’s approach.,이용 가능한 정보가 학생의 접근 방식의 본질을 명확히 설명하지는 않는다.,True,confidence_triad,PASS,0.97998046875,
Q118,S1,"The student provided a correct response without requiring assistance, indicating some level of mastery or understanding.",학생은 도움 없이 올바른 답변을 제공하여 어느 정도의 숙련도나 이해 수준이 있음을 나타냈습니다.,True,confidence_triad,PASS,0.53076171875,
Q118,S2,"This outcome could reflect either a confident and accurate solution or a chance occurrence, given the ambiguity in determining the exact nature of the response.","이 결과는 정확하고 자신 있는 해결책이거나, 응답의 정확한 성격을 판단하기 어려운 상황에서의 우연한 일치일 수 있다.",True,confidence_triad,PASS,0.849609375,
Q118,S3,The presence of high confidence suggests the likelihood of a meaningful engagement with the problem rather than mere luck.,높은 자신감의 존재는 문제에 대한 의미 있는 참여 가능성보다 단순한 운이 아니라 보여준다.,True,confidence_triad,FAIL_NLI,0.040069580078125,entailment=0.040 < 임계값0.5
Q088,S1,"The student engaged in independent problem-solving despite receiving a hint, indicating a strong capacity for productive struggle.","학생은 팁을 받았음에도 불구하고 독립적인 문제 해결에 참여했으며, 이는 생산적인 고민 능력이 강하다는 것을 보여준다.",True,productive_struggle,PASS,0.94580078125,
Q088,S2,This suggests the student was actively working through challenges rather than relying solely on external guidance.,이는 학생이 외부 지도에만 의존하는 것이 아니라 적극적으로 어려움을 극복하고 있음을 시사합니다.,True,productive_struggle,FAIL_NLI,0.3212890625,entailment=0.321 < 임계값0.5
Q088,S3,"The level of engagement appears to be significant, though the exact nature of the struggle remains partially unclear.","참여 수준은 중요한 것으로 보이지만, 정확한 갈등의 성격은 부분적으로 불분명하다.",True,productive_struggle,FAIL_NLI,0.177734375,entailment=0.178 < 임계값0.5
Q068,S1,"The student provided a correct response without seeking assistance, indicating some level of engagement with the problem.",학생은 도움을 요청하지 않고 올바른 답변을 제공함으로써 문제에 대한 어느 정도의 참여를 보여주었다.,True,confidence_triad,PASS,0.50830078125,
Q068,S2,"This outcome could reflect either a successful resolution through effort or a chance occurrence, given the ambiguity in determining the exact nature of their approach.","이 결과는 노력을 통해 성공적으로 해결된 것일 수도 있고, 그들의 접근 방식의 정확한 성격을 판단하기 어려운 상황에서 우연히 발생한 것일 수도 있다.",True,confidence_triad,FAIL_NLI,0.365966796875,entailment=0.366 < 임계값0.5
Q068,S3,"The presence of high confidence suggests a possible alignment with productive struggle, although this remains uncertain.","높은 자신감의 존재는 생산적 고난과의 일치 가능성과 관련이 있을 수 있지만, 이는 여전히 불확실합니다.",True,confidence_triad,PASS,0.90283203125,
Q035,S1,"The student provided a correct response without seeking assistance, indicating some level of engagement with the problem.",학생은 도움을 요청하지 않고 올바른 답변을 제공함으로써 문제에 대한 어느 정도의 참여를 보여주었다.,True,confidence_triad,PASS,0.50830078125,
Q035,S2,"This outcome could reflect either a successful resolution through effort or a chance occurrence, given the ambiguity in determining the exact nature of their approach.","이 결과는 노력을 통해 성공적으로 해결된 것일 수도 있고, 그들의 접근 방식의 정확한 성격을 판단하기 어려운 상황에서 우연히 발생한 것일 수도 있다.",True,confidence_triad,FAIL_NLI,0.365966796875,entailment=0.366 < 임계값0.5
Q035,S3,"The presence of high confidence suggests a possible alignment with productive struggle, although this remains uncertain.","높은 자신감의 존재는 생산적 고난과의 일치 가능성과 관련이 있을 수 있지만, 이는 여전히 불확실합니다.",True,confidence_triad,PASS,0.90283203125,
Q082,S1,"The student provided a correct response without requiring assistance, indicating some level of mastery or understanding.",학생은 도움 없이 올바른 답변을 제공하여 어느 정도의 숙련도나 이해 수준이 있음을 나타냈습니다.,True,confidence_triad,PASS,0.53076171875,
Q082,S2,"This outcome may reflect a combination of factors including prior knowledge, strategic guessing, or effective problem-solving strategies.","이 결과는 이전 지식, 전략적 추측, 또는 효과적인 문제 해결 전략과 같은 요인들의 조합을 반영할 수 있습니다.",True,confidence_triad,PASS,0.5078125,
Q082,S3,The available data does not allow for a clear determination of the exact contributing factors behind the correct answer.,현재의 데이터는 정답 뒤에 있는 정확한 기여 요인들을 명확히 판단할 수 없습니다.,True,confidence_triad,PASS,0.9521484375,
Q041,S1,"The student provided a correct response without seeking assistance, indicating some level of engagement with the problem.",학생은 도움을 요청하지 않고 올바른 답변을 제공함으로써 문제에 대한 어느 정도의 참여를 보여주었다.,True,confidence_triad,PASS,0.50830078125,
Q041,S2,"This outcome could reflect either a successful resolution through effort or a chance occurrence, given the ambiguity in determining the exact nature of their approach.","이 결과는 노력을 통해 성공적으로 해결된 것일 수도 있고, 그들의 접근 방식의 정확한 성격을 판단하기 어려운 상황에서 우연히 발생한 것일 수도 있다.",True,confidence_triad,FAIL_NLI,0.365966796875,entailment=0.366 < 임계값0.5
Q041,S3,"The presence of high confidence suggests a possible alignment with productive struggle, although this remains uncertain.","높은 자신감의 존재는 생산적 고난과의 일치 가능성과 관련이 있을 수 있지만, 이는 여전히 불확실합니다.",True,confidence_triad,PASS,0.90283203125,
Q039,S1,"The student engaged in independent problem-solving despite the availability of hints, indicating a strong capacity for self-directed effort.","학생은 단서가 제공되었음에도 불구하고 독립적인 문제 해결에 참여했으며, 자기 주도적 노력에 대한 강한 능력을 보여주었다.",True,productive_struggle,PASS,0.517578125,
Q005,S1,"The student demonstrated a strong engagement with the task, indicating they were actively working through challenges rather than relying solely on external guidance.","학생은 과제에 대한 강한 참여를 보여주었으며, 외부 지도에만 의존하는 것이 아니라 도전 과제를 적극적으로 해결하고 있음을 나타냈습니다.",True,productive_struggle,PASS,0.77685546875,
Q005,S2,The use of hints suggests the student was attempting to solve problems independently but still required some level of support.,"힌트 사용은 학생이 문제를 독립적으로 해결하려고 시도했음을 시사하지만, 여전히 어느 정도의 지원이 필요했음을 나타냅니다.",True,productive_struggle,FAIL_NLI,0.098876953125,entailment=0.099 < 임계값0.5
Q005,S3,"This indicates a willingness to persist despite difficulties, showing a proactive approach to learning.","이는 어려움에도 불구하고 지속하려는 의지를 보여주며, 학습에 대한 적극적인 접근 방식을 나타냅니다.",True,productive_struggle,FAIL_NLI,0.2120361328125,entailment=0.212 < 임계값0.5
Q042,S1,"The student provided a correct response without requiring assistance, indicating some level of understanding or insight.",학생은 도움 없이 올바른 답변을 제공하여 어느 정도의 이해나 통찰력을 보여주었다.,True,confidence_triad,PASS,0.90673828125,
Q042,S2,"This outcome could suggest the student arrived at the solution through thoughtful engagement rather than mere chance, although the exact nature of their process remains unclear.","이 결과는 학생이 고민을 통해 해법에 도달했을 가능성이 있음을 시사하지만, 그들의 정확한 과정은 여전히 불분명하다.",True,confidence_triad,FAIL_NLI,0.05902099609375,entailment=0.059 < 임계값0.5
Q042,S3,There is a slight indication that the student may have engaged in meaningful problem-solving efforts leading to the correct answer.,학생이 정답에 이르는 의미 있는 문제 해결을 시도했을 가능성이 약간 보인다.,True,confidence_triad,FAIL_NLI,0.113037109375,entailment=0.113 < 임계값0.5
Q100,S1,"The student provided a correct response without requiring assistance, indicating some level of understanding or insight.",학생은 도움 없이 올바른 답변을 제공하여 어느 정도의 이해나 통찰력을 보여주었다.,True,confidence_triad,PASS,0.90673828125,
Q100,S2,"This outcome could suggest the student arrived at the solution through thoughtful engagement rather than mere chance, though the exact nature of their process remains unclear.","이 결과는 학생이 고민을 통해 해법에 도달했을 가능성이 있음을 시사하지만, 그들의 정확한 과정은 여전히 불분명하다.",True,confidence_triad,FAIL_NLI,0.062286376953125,entailment=0.062 < 임계값0.5
Q100,S3,"The presence of high confidence further complicates interpretation, as it may reflect genuine mastery or overestimation of competence.","높은 자신감의 존재는 해석을 더욱 복잡하게 만들며, 이는 진정한 숙련도를 반영할 수도 있거나 능력 과대평가를 나타낼 수도 있다.",True,confidence_triad,FAIL_NLI,0.045684814453125,entailment=0.046 < 임계값0.5
Q128,S1,"The student engaged in independent problem-solving despite receiving a hint, indicating a strong capacity for productive struggle.","학생은 팁을 받았음에도 불구하고 독립적인 문제 해결에 참여했으며, 이는 생산적인 고민 능력이 강하다는 것을 보여준다.",True,productive_struggle,PASS,0.94580078125,
Q128,S2,This suggests the student was actively working through challenges rather than relying solely on external guidance.,이는 학생이 외부 지도에만 의존하는 것이 아니라 적극적으로 어려움을 극복하고 있음을 시사합니다.,True,productive_struggle,FAIL_NLI,0.3212890625,entailment=0.321 < 임계값0.5
Q128,S3,The high level of engagement in this process may reflect a deeper commitment to understanding the material.,이 과정에서의 높은 참여 수준은 소재를 이해하는 데 대한 더 깊은 약속을 반영할 수 있다.,True,productive_struggle,FAIL_NLI,0.0124359130859375,entailment=0.012 < 임계값0.5
Q094,S1,"The student engaged in independent problem-solving despite receiving a hint, indicating a strong capacity for tackling challenges on their own.","학생은 팁을 받았음에도 불구하고 독립적인 문제 해결에 참여했으며, 이는 스스로 도전 과제를 해결하는 데 있어 강한 능력을 보여주는 징후이다.",True,productive_struggle,FAIL_NLI,0.383056640625,entailment=0.383 < 임계값0.5
Q018,S1,"The student provided a correct response without seeking assistance, indicating some level of mastery or understanding.",학생은 도움을 요청하지 않고 올바른 답변을 제공하여 어느 정도의 숙련도나 이해 수준이 있음을 나타냈습니다.,True,confidence_triad,FAIL_NLI,0.37109375,entailment=0.371 < 임계값0.5
Q018,S2,This outcome may suggest the student arrived at the solution through thoughtful engagement rather than mere chance.,이 결과는 학생이 단순한 운이 아닌 신중한 참여를 통해 해법에 도달했음을 시사할 수 있다.,True,confidence_triad,FAIL_NLI,0.014068603515625,entailment=0.014 < 임계값0.5
Q018,S3,The available information does not definitively clarify whether the accuracy resulted from sustained effort or inherent knowledge.,"가용한 정보는 정확성 결과가 지속적인 노력에서 비롯되었는지, 본래의 지식에서 비롯되었는지 명확히 구분하지 못한다.",True,confidence_triad,PASS,0.9052734375,
Q043,S1,"The student demonstrated a strong inclination toward independent problem-solving despite receiving hints, indicating a significant level of engagement with the task.","학생은 팁을 받았음에도 불구하고 독립적인 문제 해결에 대한 강한 경향을 보였으며, 이는 작업에 대한 중요한 참여 수준을 나타냅니다.",True,productive_struggle,PASS,0.61328125,
Q043,S2,"The student also showed a notable resistance to engaging deeply with challenging aspects of the material, suggesting a preference for avoiding complex thinking.","학생은 또한 자료의 어려운 부분에 깊이적으로 접근하는 데 대한 뚜렷한 저항을 보였으며, 복잡한 사고를 피하는 것을 선호하는 것으로 보인다.",True,cognitive_avoidance,FAIL_NLI,0.026092529296875,entailment=0.026 < 임계값0.5
Q043,S3,This combination indicates a complex interaction between effortful engagement and avoidance tendencies.,이 조합은 노력적인 참여와 회피 경향 사이의 복잡한 상호작용을 나타냅니다.,True,cognitive_avoidance;productive_struggle,FAIL_NLI,0.038787841796875,entailment=0.039 < 임계값0.5
Q135,S1,"The student provided a correct response without seeking assistance, indicating some level of engagement with the task.",학생은 도움을 요청하지 않고 올바른 답변을 제공함으로써 작업과의 어느 정도의 참여를 보여주었다.,True,confidence_triad,FAIL_NLI,0.390869140625,entailment=0.391 < 임계값0.5
Q135,S2,"This outcome could reflect either a successful resolution through effort or a chance occurrence, as the available data does not definitively clarify the underlying process.","이 결과는 노력을 통해 성공적으로 해결된 것일 수도 있고, 우연한 일이었을 수도 있으며, 이용 가능한 데이터는 근본적인 과정을 명확히 구분하지 못하기 때문입니다.",True,confidence_triad,PASS,0.6708984375,
Q135,S3,There is a slight inclination suggesting the response may have resulted from meaningful problem-solving rather than mere luck.,"약간의 경향성이 나타나며, 이 응답은 단순한 운이 아닌 의미 있는 문제 해결 결과일 가능성이 있음을 시사합니다.",True,confidence_triad,FAIL_NLI,0.155517578125,entailment=0.156 < 임계값0.5
Q095,S1,"The student demonstrated a strong engagement with the task, making independent judgments despite receiving hints.","학생은 작업에 대한 강한 참여를 보였으며, 팁을 받았음에도 불구하고 독립적인 판단을 내렸다.",True,productive_struggle,FAIL_NLI,0.273681640625,entailment=0.274 < 임계값0.5
Q095,S2,"The student also showed a clear inclination to avoid deeper cognitive effort, indicating a preference for less challenging paths.","학생은 또한 더 깊은 인지적 노력은 피하는 경향이 있었으며, 이는 덜 도전적인 길을 선호하는 것을 나타냈다.",True,cognitive_avoidance,FAIL_NLI,0.0665283203125,entailment=0.067 < 임계값0.5
Q095,S3,This combination suggests a complex interaction between persistence and avoidance tendencies.,이 조합은 지속성과 회피 경향 사이의 복잡한 상호작용을 시사합니다.,True,productive_struggle;cognitive_avoidance,FAIL_NLI,0.02508544921875,entailment=0.025 < 임계값0.5
Q048,S1,"The student demonstrated a strong engagement with the task, making independent judgments despite receiving hints.","학생은 작업에 대한 강한 참여를 보였으며, 팁을 받았음에도 불구하고 독립적인 판단을 내렸다.",True,productive_struggle,FAIL_NLI,0.273681640625,entailment=0.274 < 임계값0.5
Q048,S2,"The student also showed a clear inclination to avoid deeper cognitive effort, indicating a preference for less challenging paths.","학생은 또한 더 깊은 인지적 노력은 피하는 경향이 있었으며, 이는 덜 도전적인 길을 선호하는 것을 나타냈다.",True,cognitive_avoidance,FAIL_NLI,0.0665283203125,entailment=0.067 < 임계값0.5
Q048,S3,This combination suggests a complex interaction between persistence and avoidance tendencies.,이 조합은 지속성과 회피 경향 사이의 복잡한 상호작용을 시사합니다.,True,cognitive_avoidance;productive_struggle,FAIL_NLI,0.02508544921875,entailment=0.025 < 임계값0.5
Q108,S1,"The student demonstrated a strong engagement with the task, making independent judgments despite receiving hints.","학생은 작업에 대한 강한 참여를 보였으며, 팁을 받았음에도 불구하고 독립적인 판단을 내렸다.",True,productive_struggle,FAIL_NLI,0.273681640625,entailment=0.274 < 임계값0.5
Q108,S2,The student also showed a clear inclination to avoid challenging aspects of the work.,학생은 또한 작업의 도전적인 측면을 피하려는 분명한 경향을 보였습니다.,True,cognitive_avoidance,FAIL_NLI,0.0035839080810546875,entailment=0.004 < 임계값0.5
Q108,S3,This combination indicates a complex interaction between effort and avoidance tendencies.,이 조합은 노력과 회피 경향 사이의 복잡한 상호작용을 나타냅니다.,True,cognitive_avoidance;productive_struggle,FAIL_NLI,0.033416748046875,entailment=0.033 < 임계값0.5
Q083,S1,"The student demonstrated a strong engagement with the problem, making independent judgments despite receiving hints.","학생은 문제에 대한 강한 참여를 보였으며, 팁을 받았음에도 불구하고 독립적인 판단을 내렸다.",True,productive_struggle,FAIL_NLI,0.41357421875,entailment=0.414 < 임계값0.5
Q083,S2,"The student also showed a clear inclination to avoid deeper cognitive effort, indicating a preference for less challenging tasks.","학생은 또한 더 깊은 인지적 노력 회피에 대한 분명한 경향을 보였으며, 덜 도전적인 작업에 대한 선호를 나타냈습니다.",True,cognitive_avoidance,FAIL_NLI,0.046600341796875,entailment=0.047 < 임계값0.5
Q083,S3,This combination suggests a complex interaction between persistence and avoidance tendencies.,이 조합은 지속성과 회피 경향 사이의 복잡한 상호작용을 시사합니다.,True,productive_struggle;cognitive_avoidance,FAIL_NLI,0.02508544921875,entailment=0.025 < 임계값0.5
Q107,S1,The student demonstrated a strong inclination toward independent problem-solving despite receiving hints.,학생은 제시된 단서를 받았음에도 불구하고 독립적인 문제 해결에 대한 강한 경향을 보여주었다.,True,productive_struggle,FAIL_NLI,0.25537109375,entailment=0.255 < 임계값0.5
Q107,S2,The student appeared capable of making judgments without direct guidance.,학생은 직접적인 지도 없이도 판단을 내릴 수 있는 능력이 있었습니다.,True,productive_struggle,FAIL_NLI,0.08123779296875,entailment=0.081 < 임계값0.5
Q107,S3,This indicates a level of confidence in applying knowledge autonomously.,이는 지식을 독자적으로 적용하는 데 대한 자신감 수준을 나타냅니다.,True,productive_struggle,FAIL_NLI,0.03179931640625,entailment=0.032 < 임계값0.5
Q133,S1,"The student demonstrated a strong engagement with challenging tasks, indicating a willingness to persist despite difficulty.",학생은 어려움에도 불구하고 지속적으로 도전하는 태도를 보여주었다.,True,productive_struggle,FAIL_NLI,0.1248779296875,entailment=0.125 < 임계값0.5
Q133,S2,"The student also showed signs of avoiding more complex aspects of the task, suggesting a preference for simpler solutions.","학생은 또한 작업의 더 복잡한 측면을 피하는 징후도 보였으며, 더 간단한 해결책을 선호하는 것으로 보였습니다.",True,cognitive_avoidance,FAIL_NLI,0.132568359375,entailment=0.133 < 임계값0.5
Q087,S1,"The student engaged in independent problem-solving despite receiving a hint, indicating a strong sense of initiative.","학생은 팁을 받았음에도 불구하고 독립적인 문제 해결에 참여했으며, 이는 강한 주도성을 나타내는 징후이다.",True,productive_struggle,FAIL_NLI,0.279541015625,entailment=0.280 < 임계값0.5
Q087,S2,This demonstrates an ability to persist through challenges without immediate external guidance.,이는 즉각적인 외부 지도 없이도 어려움을 극복할 능력을 보여줍니다.,True,productive_struggle,FAIL_NLI,0.08856201171875,entailment=0.089 < 임계값0.5
Q087,S3,The level of engagement suggests a willingness to tackle complex tasks on their own.,참여 수준은 복잡한 작업을 혼자 수행하려는 의지를 나타낸다.,True,productive_struggle,FAIL_NLI,0.045135498046875,entailment=0.045 < 임계값0.5
Q096,S1,"The student engaged in independent problem-solving despite receiving a hint, indicating a strong capacity for tackling challenges on their own.","학생은 팁을 받았음에도 불구하고 독립적인 문제 해결에 참여했으며, 이는 스스로 도전 과제를 해결하는 데 있어 강한 능력을 보여주는 징후이다.",True,productive_struggle,FAIL_NLI,0.383056640625,entailment=0.383 < 임계값0.5
Q096,S2,"The student also showed signs of avoiding deeper engagement with the material, suggesting a potential reluctance to fully confront the task.","학생은 또한 자료와 더 깊이적으로 소통하는 것을 피하는 징후를 보였으며, 작업을 완전히 직면하는 데 대한 잠재적인 거부감을 시사했다.",True,cognitive_avoidance,FAIL_NLI,0.00745391845703125,entailment=0.007 < 임계값0.5
Q115,S1,"The student exhibits signs of avoiding challenging tasks, indicating a possible reluctance to engage deeply with complex problems.","학생은 도전적인 과제를 피하는 징후를 보이며, 복잡한 문제에 깊이적으로 접근하는 것을 꺼리는 가능성이 있음을 나타냅니다.",True,cognitive_avoidance,PASS,0.98828125,
Q115,S2,"The student also shows frustration that does not lead to effective problem-solving strategies, suggesting difficulty in managing emotional responses during task completion.","학생은 효과적인 문제 해결 전략으로 이어지지 않는 좌절감을 보이며, 작업 완료 중 감정 반응을 관리하는 데 어려움이 있음을 시사한다.",True,unproductive_frustration,FAIL_NLI,0.0028533935546875,entailment=0.003 < 임계값0.5
Q086,S1,The student exhibits signs of avoiding challenging aspects of the task.,학생이 작업의 도전적인 측면을 피하려는 징후를 보입니다.,True,cognitive_avoidance,PASS,0.99365234375,
Q086,S2,The student also shows frustration without effective problem-solving strategies.,학생은 효과적인 문제 해결 전략이 없으면 좌절을 보이기도 한다.,True,unproductive_frustration,FAIL_NLI,0.0182952880859375,entailment=0.018 < 임계값0.5
Q121,S1,The student exhibits signs of unproductive frustration during the task.,학생은 작업 중 비생산적인 좌절의 징후를 보인다.,True,unproductive_frustration,PASS,0.9609375,
Q121,S2,This indicates a struggle with understanding the concept being taught.,이는 가르치는 개념을 이해하는 데 어려움을 겪고 있음을 나타냅니다.,True,unproductive_frustration} The level of frustration remains consistently high throughout the activity. [unproductive_frustration,FAIL_INVALID_REF,,Stage 1에 없는 지표 인용: {'unproductive_frustration} The level of frustration remains consistently high throughout the activity. [unproductive_frustration'} — 환각 의심
Q030,S1,The student exhibits signs of unproductive frustration during the task.,학생은 작업 중 비생산적인 좌절의 징후를 보인다.,True,unproductive_frustration,PASS,0.9609375,
Q030,S2,This indicates a struggle with understanding the material.,이는 자료를 이해하는 데 어려움을 겪고 있음을 나타냅니다.,True,unproductive_frustration,FAIL_NLI,0.004573822021484375,entailment=0.005 < 임계값0.5
Q030,S3,The behavior may suggest difficulty in applying the concepts being taught.,이 행동은 가르치고 있는 개념을 적용하는 데 어려움이 있음을 시사할 수 있다.,True,,FAIL_NO_CITATION,,인용 태그 없음 — Stage 2 규칙 2 위반
Q091,S1,The student exhibits signs of avoiding challenging aspects of the task.,학생이 작업의 도전적인 측면을 피하려는 징후를 보입니다.,True,cognitive_avoidance,PASS,0.99365234375,
Q091,S2,The student also shows frustration that does not lead to productive problem-solving.,학생은 생산적인 문제 해결로 이어지지 않는 불만을 보이기도 합니다.,True,unproductive_frustration,PASS,0.8076171875,
Q132,S1,"The student exhibits signs of avoiding challenging tasks, indicating a possible reluctance to engage deeply with complex problems.","학생은 도전적인 과제를 피하는 징후를 보이며, 복잡한 문제에 깊이적으로 접근하는 것을 꺼리는 가능성이 있음을 나타냅니다.",True,cognitive_avoidance,PASS,0.98828125,
Q132,S2,"The student also shows frustration that does not lead to effective problem-solving strategies, suggesting difficulty in managing task demands.","학생은 효과적인 문제 해결 전략으로 이어지지 않는 좌절을 보이며, 작업 요구사항을 관리하는 데 어려움이 있음을 시사한다.",True,unproductive_frustration,FAIL_NLI,0.032440185546875,entailment=0.032 < 임계값0.5
Q025,S1,The student exhibits signs of unproductive frustration during the task.,학생은 작업 중 비생산적인 좌절의 징후를 보인다.,True,unproductive_frustration,PASS,0.9609375,
Q025,S2,This indicates a struggle with understanding the material.,이는 자료를 이해하는 데 어려움을 겪고 있음을 나타냅니다.,True,unproductive_frustration} The behavior may suggest difficulty in progressing further without additional support. [unproductive_frustration,FAIL_INVALID_REF,,Stage 1에 없는 지표 인용: {'unproductive_frustration} The behavior may suggest difficulty in progressing further without additional support. [unproductive_frustration'} — 환각 의심
Q074,S1,The student exhibits signs of avoiding challenging aspects of the task.,학생이 작업의 도전적인 측면을 피하려는 징후를 보입니다.,True,cognitive_avoidance,PASS,0.99365234375,
Q074,S2,The student also shows frustration that does not lead to productive problem-solving.,학생은 생산적인 문제 해결로 이어지지 않는 불만을 보이기도 합니다.,True,unproductive_frustration,PASS,0.8076171875,
Q047,S1,The student exhibits signs of unproductive frustration during the task.,학생은 작업 중 비생산적인 좌절의 징후를 보인다.,True,unproductive_frustration,PASS,0.9609375,
Q047,S2,This indicates a struggle with understanding the concept being taught.,이는 가르치는 개념을 이해하는 데 어려움을 겪고 있음을 나타냅니다.,True,unproductive_frustration,FAIL_NLI,0.004924774169921875,entailment=0.005 < 임계값0.5
Q047,S3,The level of frustration remains consistently high throughout the activity.,활동 전반에 걸쳐 좌절감의 수준이 일관되게 높은 상태를 유지한다.,True,unproductive_frustration,FAIL_NLI,0.011444091796875,entailment=0.011 < 임계값0.5
Q080,S1,The student demonstrates a strong sense of confidence in their understanding despite potential gaps in knowledge.,학생은 지식의 공백이 있을지라도 자신의 이해에 대한 강한 자신감을 보여준다.,True,overconfidence,FAIL_NLI,0.06964111328125,entailment=0.070 < 임계값0.5
Q080,S2,The student shows signs of frustration that does not lead to effective problem-solving strategies.,학생은 효과적인 문제 해결 전략으로 이어지지 않는 좌절의 징후를 보인다.,True,unproductive_frustration,PASS,0.95361328125,
Q080,S3,The student makes errors in applying geometric concepts consistently throughout the task.,학생은 과제 전반에서 기하학적 개념을 적용하는 데 오류를 범합니다.,True,slipping,FAIL_NLI,0.0005249977111816406,entailment=0.001 < 임계값0.5
Q081,S1,The student exhibits signs of unproductive frustration.,학생이 비생산적인 좌절의 징후를 보입니다.,True,unproductive_frustration,PASS,0.98828125,
Q081,S2,"This emotion appears to be intense, given the high status level recorded.",이 감정이 매우 강렬한 것으로 보인다.,True,unproductive_frustration,FAIL_NLI,0.001216888427734375,entailment=0.001 < 임계값0.5
Q081,S3,There is no clear indication of alternative coping strategies being employed.,대체적인 대처 전략이 사용되고 있음을 분명히 나타내는 증거는 없다.,True,unproductive_frustration,FAIL_NLI,0.00351715087890625,entailment=0.004 < 임계값0.5
Q038,S1,The student exhibits signs of avoiding challenging tasks during the number line interpretation activity.,학생은 수선도 해석 활동 중 도전적인 과제를 피하는 징후를 보입니다.,True,cognitive_avoidance,FAIL_NLI,0.0006442070007324219,entailment=0.001 < 임계값0.5
Q038,S2,The student also shows frustration that does not lead to productive problem-solving efforts.,학생은 생산적인 문제 해결을 위한 노력으로 이어지지 않는 불만을 보이기도 한다.,True,unproductive_frustration,PASS,0.61328125,
Q139,S1,"The student exhibits signs of overconfidence, indicating a strong belief in their abilities without sufficient justification.","학생은 과신의 징후를 보이며, 충분한 근거 없이 자신의 능력을 강하게 믿고 있는 것으로 보인다.",True,overconfidence,PASS,0.86328125,
Q139,S2,"The student also shows unproductive frustration, suggesting they become overly concerned with difficulties rather than addressing them effectively.","학생은 또한 생산적이지 않은 좌절을 보이며, 어려움에 과도하게 신경 쓰는 대신 효과적으로 해결하지 않는 모습을 보인다.",True,unproductive_frustration,FAIL_NLI,0.00194549560546875,entailment=0.002 < 임계값0.5
Q139,S3,"Additionally, there is evidence of slipping, meaning the student may struggle to maintain focus or consistency in tasks.","또한 미끄러짐의 증거가 있음으로, 학생이 작업에서 집중력이나 일관성을 유지하는 데 어려움을 겪을 수 있습니다.",True,slipping,FAIL_NLI,0.006862640380859375,entailment=0.007 < 임계값0.5
Q011,S1,The student exhibits signs of unproductive frustration during the task.,학생은 작업 중 비생산적인 좌절의 징후를 보인다.,True,unproductive_frustration,PASS,0.9609375,
Q011,S2,This emotion appears to be persistent rather than fleeting.,이 감정은 일시적인 것이 아니라 지속적인 것으로 보인다.,True,unproductive_frustration,FAIL_NLI,0.06634521484375,entailment=0.066 < 임계값0.5
Q011,S3,There is no clear indication of strategies being employed to resolve the issue.,문제를 해결하기 위한 전략이 사용되고 있음을 분명히 나타내는 증거는 없다.,True,unproductive_frustration,FAIL_NLI,0.0033016204833984375,entailment=0.003 < 임계값0.5
Q097,S1,"The student exhibits signs of avoiding engaging deeply with the task, indicating a possible reluctance to confront challenging aspects of the skill.","학생은 작업에 깊이 참여하는 것을 피하는 징후를 보이며, 기술의 어려운 측면에 직면하는 것을 꺼리는 가능성이 있음을 나타냅니다.",True,cognitive_avoidance,PASS,0.85302734375,
Q097,S2,"The student also shows frustration that does not lead to productive problem-solving efforts, suggesting difficulty in managing emotional responses during practice.","학생은 생산적인 문제 해결을 위한 노력으로 이어지지 않는 불만을 보이며, 연습 중 감정 반응을 관리하는 데 어려움이 있음을 시사한다.",True,unproductive_frustration,FAIL_NLI,0.004840850830078125,entailment=0.005 < 임계값0.5
Q016,S1,The student exhibits signs of unproductive frustration during the task.,학생은 작업 중 비생산적인 좌절의 징후를 보인다.,True,unproductive_frustration,PASS,0.9609375,
Q016,S2,This emotion appears to persist without clear resolution.,이 감정은 명확한 해결 없이 지속되는 듯하다.,True,unproductive_frustration,FAIL_NLI,0.01395416259765625,entailment=0.014 < 임계값0.5
Q016,S3,There is no indication of alternative coping strategies being employed.,대체적인 대처 전략이 사용되고 있음을 나타내는 증거가 없다.,True,unproductive_frustration,FAIL_NLI,0.001987457275390625,entailment=0.002 < 임계값0.5
Q069,S1,The student exhibits signs of overconfidence during the task.,학생은 작업 중 과신의 징후를 보인다.,True,overconfidence,FAIL_NLI,0.07537841796875,entailment=0.075 < 임계값0.5
Q069,S2,"They also display unproductive frustration, indicating difficulty in managing their approach.","그들은 또한 생산적이지 않은 좌절을 보이며, 접근 방식을 관리하는 데 어려움을 나타냅니다.",True,unproductive_frustration,FAIL_NLI,0.01544952392578125,entailment=0.015 < 임계값0.5
Q069,S3,This combination may suggest a struggle to balance confidence with effective problem-solving strategies.,이 조합은 자신감과 효과적인 문제 해결 전략 사이의 균형을 유지하는 데 어려움이 있을 수 있음을 시사할 수 있습니다.,True,overconfidence,FAIL_NLI,0.0013027191162109375,entailment=0.001 < 임계값0.5
Q059,S1,The student exhibits signs of overconfidence during the task.,학생은 작업 중 과신의 징후를 보인다.,True,overconfidence,FAIL_NLI,0.07537841796875,entailment=0.075 < 임계값0.5
Q059,S2,A high level of unproductive frustration is also observed.,높은 수준의 비생산적인 좌절이 또한 관찰된다.,True,unproductive_frustration,FAIL_NLI,0.0026187896728515625,entailment=0.003 < 임계값0.5
Q059,S3,"Additionally, there is evidence of slipping in performance.",또한 성능에서 미끄러짐의 증거가 있다.,True,slipping,FAIL_NLI,0.00399017333984375,entailment=0.004 < 임계값0.5
Q006,S1,The student exhibits signs of avoiding challenging tasks related to multiplying decimals.,학생이 소수의 곱셈과 관련된 도전적인 과제를 피하는 징후를 보입니다.,True,cognitive_avoidance,FAIL_NLI,0.0005240440368652344,entailment=0.001 < 임계값0.5
Q006,S2,The student also shows unproductive frustration during the skill practice.,학생은 기술 연습 중에도 생산적이지 않은 좌절을 보인다.,True,unproductive_frustration,FAIL_NLI,0.0006570816040039062,entailment=0.001 < 임계값0.5
Q006,S3,This may indicate difficulty in engaging with the material.,이는 자료와의 상호작용에 어려움이 있을 수 있음을 나타냅니다.,True,unproductive_frustration;cognitive_avoidance,FAIL_NLI,0.0052337646484375,entailment=0.005 < 임계값0.5
Q034,S1,"The student exhibits signs of avoiding challenging tasks related to converting fractions, decimals, and percentages.","학생은 분수, 소수, 백분율 변환과 관련된 도전적인 과제를 피하는 징후를 보입니다.",True,cognitive_avoidance,FAIL_NLI,0.0009636878967285156,entailment=0.001 < 임계값0.5
Q034,S2,The student also shows frustration during attempts to solve problems involving these concepts.,학생은 이러한 개념을 포함한 문제를 해결하는 시도 중에도 실망감을 보인다.,True,unproductive_frustration,FAIL_NLI,0.0010805130004882812,entailment=0.001 < 임계값0.5
Q126,S1,"The student exhibits signs of avoiding challenging tasks, indicating a possible reluctance to engage deeply with material.","학생이 도전적인 과제를 피하는 징후를 보이며, 자료와 깊이적으로 상호작용하는 것을 거부할 가능성이 있음을 나타냅니다.",True,cognitive_avoidance,FAIL_NLI,0.1324462890625,entailment=0.132 < 임계값0.5
Q126,S2,"The student also shows frustration that does not lead to productive actions, suggesting difficulty in managing task demands effectively.","학생은 생산적인 행동으로 이어지지 않는 불만을 보이기도 하며, 작업 요구사항을 효과적으로 관리하는 데 어려움이 있음을 시사한다.",True,unproductive_frustration,FAIL_NLI,0.01390838623046875,entailment=0.014 < 임계값0.5
Q045,S1,"The student exhibits overconfident tendencies during exponent problems, often dismissing alternative approaches without thorough consideration.","학생은 지수 문제에서 과도한 자신감을 보이며, 철저한 고려 없이 대안적인 접근법을 무시하는 경향이 있다.",True,overconfidence,FAIL_NLI,0.00177764892578125,entailment=0.002 < 임계값0.5
Q045,S2,"This behavior coincides with frequent expressions of frustration, indicating difficulty in resolving complex steps within the skill domain.","이 행동은 자주 나타나는 실망의 표현과 일치하며, 기술 영역 내에서 복잡한 단계를 해결하는 데 어려움을 나타내고 있음을 시사합니다.",True,unproductive_frustration,FAIL_NLI,0.023468017578125,entailment=0.023 < 임계값0.5
Q046,S1,"The student exhibits signs of avoiding challenging tasks, indicating a possible reluctance to engage deeply with material.","학생이 도전적인 과제를 피하는 징후를 보이며, 자료와 깊이적으로 상호작용하는 것을 거부할 가능성이 있음을 나타냅니다.",True,cognitive_avoidance,FAIL_NLI,0.1324462890625,entailment=0.132 < 임계값0.5
Q046,S2,"The student also shows frustration that does not lead to productive actions, suggesting difficulty in managing task demands effectively.","학생은 생산적인 행동으로 이어지지 않는 불만을 보이기도 하며, 작업 요구사항을 효과적으로 관리하는 데 어려움이 있음을 시사한다.",True,unproductive_frustration,FAIL_NLI,0.01390838623046875,entailment=0.014 < 임계값0.5
Q013,S1,The student exhibits signs of overconfidence during the task.,학생은 작업 중 과신의 징후를 보인다.,True,overconfidence,FAIL_NLI,0.07537841796875,entailment=0.075 < 임계값0.5
Q013,S2,A high level of unproductive frustration is also observed.,높은 수준의 비생산적인 좌절이 또한 관찰된다.,True,unproductive_frustration,FAIL_NLI,0.0026187896728515625,entailment=0.003 < 임계값0.5
Q013,S3,"Additionally, there is evidence of slipping in performance.",또한 성능에서 미끄러짐의 증거가 있다.,True,slipping,FAIL_NLI,0.00399017333984375,entailment=0.004 < 임계값0.5
Q049,S1,"The student exhibits signs of avoiding challenging tasks, indicating a possible reluctance to engage deeply with complex problems.","학생은 도전적인 과제를 피하는 징후를 보이며, 복잡한 문제에 깊이적으로 접근하는 것을 꺼리는 가능성이 있음을 나타냅니다.",True,cognitive_avoidance,PASS,0.98828125,
Q049,S2,The student also shows frustration that does not lead to productive problem-solving efforts.,학생은 생산적인 문제 해결을 위한 노력으로 이어지지 않는 불만을 보이기도 한다.,True,unproductive_frustration,PASS,0.61328125,
Q049,S3,There is a noticeable pattern of errors occurring frequently during practice sessions.,연습 세션 중에 오류가 자주 발생하는 뚜렷한 패턴이 존재한다.,True,slipping,FAIL_NLI,0.00534820556640625,entailment=0.005 < 임계값0.5
Q012,S1,"The student may have avoided engaging deeply with complex tasks, indicating a possible reluctance to confront challenging material.","학생은 복잡한 작업에 깊이적으로 참여하지 않았을 수 있으며, 어려운 내용에 직면하는 데 대한 가능성이 있는 회피 태도를 보여줄 수 있다.",True,cognitive_avoidance,PASS,0.9228515625,
Q012,S2,"There appears to be a noticeable inconsistency in performance across similar problems, suggesting difficulty maintaining focus or applying learned strategies consistently.","유사한 문제들에서 성능에 있어 눈에 띄는 불일치가 있는 것으로 보이며, 이는 집중력 유지나 학습된 전략을 일관되게 적용하는 데 어려움이 있을 수 있음을 시사합니다.",True,slipping,FAIL_NLI,0.02783203125,entailment=0.028 < 임계값0.5
Q014,S1,"The student provided a correct response without seeking assistance, yet it remains unclear whether this accuracy stemmed from genuine understanding, persistent effort, or chance.","학생은 도움을 요청하지 않고 올바른 답변을 제공했지만, 이 정확성은 진정한 이해, 지속적인 노력, 혹은 운이 있었는지는 여전히 불분명하다.",True,confidence_triad,PASS,0.8525390625,
Q014,S2,This outcome does not strongly indicate a particular level of confidence or engagement with the material.,이 결과는 특정 수준의 자신감이나 자료에 대한 참여도를 강하게 나타내지 않는다.,True,confidence_triad,PASS,0.85205078125,
Q014,S3,The available information does not allow for a clear determination of the underlying factors contributing to the correct answer.,이용 가능한 정보는 정답에 기여하는 근본적 요인들을 명확히 판단할 수 없습니다.,True,confidence_triad,PASS,0.984375,
Q105,S1,"The student may have avoided engaging deeply with complex tasks, indicating a possible reluctance to confront challenging material.","학생은 복잡한 작업에 깊이적으로 참여하지 않았을 수 있으며, 어려운 내용에 직면하는 데 대한 가능성이 있는 회피 태도를 보여줄 수 있다.",True,cognitive_avoidance,PASS,0.9228515625,
Q105,S2,"There appears to be a noticeable inconsistency in performance across similar problems, suggesting difficulty maintaining focus or applying learned strategies consistently.","유사한 문제들에서 성능에 있어 눈에 띄는 불일치가 있는 것으로 보이며, 이는 집중력 유지나 학습된 전략을 일관되게 적용하는 데 어려움이 있을 수 있음을 시사합니다.",True,slipping,FAIL_NLI,0.02783203125,entailment=0.028 < 임계값0.5
Q110,S1,The student exhibits signs of avoiding challenging tasks.,학생이 도전적인 과제를 피하는 징후를 보입니다.,True,cognitive_avoidance,PASS,0.9970703125,
Q110,S2,There is also a noticeable pattern of errors occurring during task execution.,작업 수행 중에 오류가 발생하는 뚜렷한 패턴이 또한 존재한다.,True,slipping,FAIL_NLI,0.00595855712890625,entailment=0.006 < 임계값0.5
Q028,S1,The student exhibits signs of avoiding challenging tasks.,학생이 도전적인 과제를 피하는 징후를 보입니다.,True,cognitive_avoidance,PASS,0.9970703125,
Q028,S2,There is also a noticeable pattern of errors occurring during task execution.,작업 수행 중에 오류가 발생하는 뚜렷한 패턴이 또한 존재한다.,True,slipping,FAIL_NLI,0.00595855712890625,entailment=0.006 < 임계값0.5
Q020,S1,"The student may have avoided engaging deeply with complex tasks, indicating a possible reluctance to confront challenging material.","학생은 복잡한 작업에 깊이적으로 참여하지 않았을 수 있으며, 어려운 내용에 직면하는 데 대한 가능성이 있는 회피 태도를 보여줄 수 있다.",True,cognitive_avoidance,PASS,0.9228515625,
Q020,S2,"There appears to be a notable inconsistency in task completion, suggesting difficulty maintaining focus or accuracy over time.","작업 완료에 있어 뚜렷한 불일치가 보이는데, 이는 시간이 지남에 따라 집중력이나 정확도를 유지하는 데 어려움이 있음을 시사합니다.",True,slipping,FAIL_NLI,0.0187225341796875,entailment=0.019 < 임계값0.5
Q114,S1,The student exhibits signs of avoiding challenging tasks.,학생이 도전적인 과제를 피하는 징후를 보입니다.,True,cognitive_avoidance,PASS,0.9970703125,
Q114,S2,There is also a noticeable pattern of errors occurring during task execution.,작업 수행 중에 오류가 발생하는 뚜렷한 패턴이 또한 존재한다.,True,slipping,FAIL_NLI,0.00595855712890625,entailment=0.006 < 임계값0.5
Q044,S1,"The student may have avoided engaging deeply with complex tasks, indicating a possible reluctance to confront challenging material.","학생은 복잡한 작업에 깊이적으로 참여하지 않았을 수 있으며, 어려운 내용에 직면하는 데 대한 가능성이 있는 회피 태도를 보여줄 수 있다.",True,cognitive_avoidance,PASS,0.9228515625,
Q044,S2,"There appears to be a noticeable inconsistency in performance across repeated attempts, suggesting difficulty maintaining focus or accuracy.","반복적인 시도에서 성능에 있어 눈에 띄는 불일치가 있는 것으로 보이며, 집중력이나 정확도를 유지하는 데 어려움이 있을 가능성이 있음.",True,slipping,FAIL_NLI,0.0240325927734375,entailment=0.024 < 임계값0.5
Q044,S3,This pattern may reflect an underlying struggle with sustaining attention during extended problem-solving activities.,이 패턴은 장시간 문제 해결 활동 중 주의를 유지하는 데 대한 내재적인 갈등을 반영할 수 있습니다.,True,slipping,FAIL_NLI,0.00208282470703125,entailment=0.002 < 임계값0.5
Q055,S1,The student may have avoided engaging deeply with the problem-solving process.,학생은 문제 해결 과정에 깊이 참여하지 않을 수 있다.,True,cognitive_avoidance,FAIL_NLI,0.369384765625,entailment=0.369 < 임계값0.5
Q055,S2,There appears to be a tendency to make errors during task execution.,작업 수행 중 오류를 발생시키는 경향이 있는 것으로 보인다.,True,slipping,FAIL_NLI,0.267578125,entailment=0.268 < 임계값0.5
Q120,S1,The student may have avoided engaging deeply with the problem-solving process.,학생은 문제 해결 과정에 깊이 참여하지 않을 수 있다.,True,cognitive_avoidance,FAIL_NLI,0.369384765625,entailment=0.369 < 임계값0.5
Q120,S2,There appears to be a likelihood of errors occurring during task execution.,작업 실행 중 오류가 발생할 가능성이 보인다.,True,slipping,PASS,0.521484375,
Q021,S1,The student may have avoided engaging deeply with the problem-solving process.,학생은 문제 해결 과정에 깊이 참여하지 않을 수 있다.,True,cognitive_avoidance,FAIL_NLI,0.369384765625,entailment=0.369 < 임계값0.5
Q021,S2,There appears to be a pattern of inconsistent performance during practice sessions.,훈련 세션 중 일관되지 않은 성능이 나타나는 양상이 보인다.,True,slipping,FAIL_NLI,0.054443359375,entailment=0.054 < 임계값0.5
Q113,S1,"The student exhibits signs of avoiding challenging tasks, indicating a possible reluctance to engage deeply with complex material.","학생은 도전적인 과제를 피하는 징후를 보이며, 복잡한 내용과 깊이 있게 소통하는 데 대한 가능성이 있는 거부감을 나타내고 있다.",True,cognitive_avoidance,PASS,0.92724609375,
Q113,S2,"There is also evidence of inconsistent performance, suggesting difficulty maintaining focus or applying knowledge consistently.","또한 일관되지 않은 성능의 증거도 있으며, 집중력 유지나 지식의 일관된 적용에 어려움이 있음을 시사합니다.",True,slipping,FAIL_NLI,0.020904541015625,entailment=0.021 < 임계값0.5
Q113,S3,This combination may point to underlying struggles with task engagement and retention.,이 조합은 작업 참여와 유지에 대한 깊은 문제를 암시할 수 있다.,True,slipping,FAIL_NLI,0.0030841827392578125,entailment=0.003 < 임계값0.5
Q098,S1,"The student may have avoided engaging deeply with complex tasks, indicating a possible reluctance to confront challenging material.","학생은 복잡한 작업에 깊이적으로 참여하지 않았을 수 있으며, 어려운 내용에 직면하는 데 대한 가능성이 있는 회피 태도를 보여줄 수 있다.",True,cognitive_avoidance,PASS,0.9228515625,
Q098,S2,"There appears to be a noticeable inconsistency in performance across repeated attempts, suggesting difficulty maintaining focus or applying knowledge consistently.","반복적인 시도에서 성능에 있어 눈에 띄는 불일치가 있는 것으로 보이며, 집중력 유지나 지식의 일관된 적용에 어려움이 있을 가능성이 있음을 시사합니다.",True,slipping,FAIL_NLI,0.051971435546875,entailment=0.052 < 임계값0.5
Q098,S3,This pattern may reflect an underlying struggle with sustaining attention during extended problem-solving activities.,이 패턴은 장시간 문제 해결 활동 중 주의를 유지하는 데 대한 내재적인 갈등을 반영할 수 있습니다.,True,slipping,FAIL_NLI,0.00208282470703125,entailment=0.002 < 임계값0.5
Q001,S1,"The student may have avoided engaging deeply with complex tasks, indicating a possible reluctance to confront challenging material.","학생은 복잡한 작업에 깊이적으로 참여하지 않았을 수 있으며, 어려운 내용에 직면하는 데 대한 가능성이 있는 회피 태도를 보여줄 수 있다.",True,cognitive_avoidance,PASS,0.9228515625,
Q001,S2,"There is also a likelihood of inconsistent performance, suggesting difficulty maintaining focus or applying knowledge consistently.",또한 일관된 성능을 유지하는 데 어려움이나 지식을 일관되게 적용하는 데 어려움이 있을 가능성이 있다.,True,slipping,FAIL_NLI,0.01464080810546875,entailment=0.015 < 임계값0.5
Q001,S3,"This combination appears to be present, though the exact nature of the interactions remains unclear.","이 조합은 존재하는 것으로 보이지만, 상호작용의 정확한 성격은 여전히 불분명합니다.",True,cognitive_avoidance;slipping,FAIL_NLI,0.00252532958984375,entailment=0.003 < 임계값0.5
Q112,S1,The student may have avoided engaging deeply with the problem-solving process.,학생은 문제 해결 과정에 깊이 참여하지 않을 수 있다.,True,cognitive_avoidance,FAIL_NLI,0.369384765625,entailment=0.369 < 임계값0.5
Q112,S2,There appears to be a significant likelihood of errors occurring during task execution.,작업 수행 중 오류가 발생할 가능성이 상당히 높아 보인다.,True,slipping,FAIL_NLI,0.05810546875,entailment=0.058 < 임계값0.5
Q104,S1,"The student may have avoided engaging deeply with the material, indicating a possible reluctance to confront challenging aspects.","학생이 자료와 깊이적으로 소통하지 않은 것으로 보일 수 있으며, 이는 어려운 측면에 직면하는 것을 회피하고자 하는 가능성을 시사합니다.",True,cognitive_avoidance,FAIL_NLI,0.04486083984375,entailment=0.045 < 임계값0.5
Q104,S2,"There is also a likelihood of errors occurring during task execution, suggesting instability in performance.","작업 수행 중 오류가 발생할 가능성이 있으며, 이는 성능의 불안정성을 시사합니다.",True,slipping,FAIL_NLI,0.006000518798828125,entailment=0.006 < 임계값0.5
Q104,S3,"This combination appears to be present, though this is not certain.",이 조합은 존재할 가능성이 있지만 확실하지는 않습니다.,True,cognitive_avoidance;slipping,FAIL_NLI,0.003643035888671875,entailment=0.004 < 임계값0.5
Q136,S1,"The student may have avoided engaging deeply with the material, indicating a possible reluctance to confront challenging aspects of the task.","학생이 자료와 깊이적으로 소통하지 않은 것으로 보일 수 있으며, 이는 작업의 어려운 측면에 직면하는 것을 꺼리는 가능성을 시사합니다.",True,cognitive_avoidance,FAIL_NLI,0.09454345703125,entailment=0.095 < 임계값0.5
Q136,S2,"There is also a likelihood of errors occurring during practice, suggesting inconsistency in maintaining focus or accuracy.","실습 중 오류가 발생할 가능성이 있으며, 이는 집중력이나 정확도를 유지하는 데 일관성이 부족한 것을 시사합니다.",True,slipping,FAIL_NLI,0.005397796630859375,entailment=0.005 < 임계값0.5
Q136,S3,"This combination appears to be, though this is not Certain, related to difficulties in sustaining attention or applying knowledge consistently.","이 조합은 확실하지는 않지만, 주의를 지속하거나 지식을 일관되게 적용하는 데 어려움과 관련이 있을 것으로 보입니다.",True,slipping,FAIL_NLI,0.005706787109375,entailment=0.006 < 임계값0.5
Q076,S1,"The student may have avoided engaging deeply with the material, indicating a possible reluctance to confront challenging aspects of the skill.","학생은 재료와 깊이적으로 소통하지 않았을 수도 있으며, 이는 기술의 어려운 측면에 직면하는 것을 피하고자 하는 가능성을 시사합니다.",True,cognitive_avoidance,FAIL_NLI,0.0804443359375,entailment=0.080 < 임계값0.5
Q076,S2,"There is also a likelihood of errors occurring during practice sessions, suggesting inconsistency in applying the knowledge.","실습 세션 중 오류가 발생할 가능성도 있으며, 이는 지식을 적용하는 데 일관성이 부족함을 시사합니다.",True,slipping,FAIL_NLI,0.004482269287109375,entailment=0.004 < 임계값0.5
Q076,S3,"This combination appears to be present, though this is not certain.",이 조합은 존재할 가능성이 있지만 확실하지는 않습니다.,True,cognitive_avoidance;slipping,FAIL_NLI,0.003643035888671875,entailment=0.004 < 임계값0.5
Q137,S1,The student may have avoided engaging deeply with the graph material.,학생은 그래프 자료와 깊이적으로 상호작용하지 않았을 수도 있습니다.,True,cognitive_avoidance,FAIL_NLI,0.0018053054809570312,entailment=0.002 < 임계값0.5
Q137,S2,There appears to be a likelihood of errors or omissions in completing tasks related to interpreting the graph.,그래프 해석과 관련된 작업을 완료하는 데 있어 오류나 누락이 발생할 가능성이 보인다.,True,slipping,FAIL_NLI,0.0020618438720703125,entailment=0.002 < 임계값0.5
Q141,S1,"The student may have avoided engaging deeply with the material, indicating a possible reluctance to confront challenging aspects.","학생이 자료와 깊이적으로 소통하지 않은 것으로 보일 수 있으며, 이는 어려운 측면에 직면하는 것을 회피하고자 하는 가능성을 시사합니다.",True,cognitive_avoidance,FAIL_NLI,0.04486083984375,entailment=0.045 < 임계값0.5
Q141,S2,"There is also a likelihood of errors occurring during task execution, suggesting instability in performance.","작업 수행 중 오류가 발생할 가능성이 있으며, 이는 성능의 불안정성을 시사합니다.",True,slipping,FAIL_NLI,0.006000518798828125,entailment=0.006 < 임계값0.5
Q141,S3,"This combination appears to be present, though this is not certain.",이 조합은 존재할 가능성이 있지만 확실하지는 않습니다.,True,cognitive_avoidance;slipping,FAIL_NLI,0.003643035888671875,entailment=0.004 < 임계값0.5
Q054,S1,"The student may have avoided engaging deeply with the material, indicating a possible reluctance to confront challenging aspects of the task.","학생이 자료와 깊이적으로 소통하지 않은 것으로 보일 수 있으며, 이는 작업의 어려운 측면에 직면하는 것을 꺼리는 가능성을 시사합니다.",True,cognitive_avoidance,FAIL_NLI,0.09454345703125,entailment=0.095 < 임계값0.5
Q054,S2,"There is also a likelihood of errors occurring during practice, suggesting inconsistency in applying the skill correctly.","실습 중 오류가 발생할 가능성도 있으며, 이는 기술을 올바르게 적용하는 데 일관성이 부족함을 시사합니다.",True,slipping,FAIL_NLI,0.026641845703125,entailment=0.027 < 임계값0.5
Q054,S3,This combination may reflect difficulty maintaining focus or understanding key components of the step.,이 조합은 주의를 유지하는 데 어려움이나 단계의 핵심 요소를 이해하는 데 어려움을 반영할 수 있습니다.,True,slipping,FAIL_NLI,0.00513458251953125,entailment=0.005 < 임계값0.5
Q070,S1,"The student may have avoided engaging deeply with the material, indicating a possible reluctance to confront challenging aspects of the task.","학생이 자료와 깊이적으로 소통하지 않은 것으로 보일 수 있으며, 이는 작업의 어려운 측면에 직면하는 것을 꺼리는 가능성을 시사합니다.",True,cognitive_avoidance,FAIL_NLI,0.09454345703125,entailment=0.095 < 임계값0.5
Q070,S2,"There is also a likelihood of errors occurring during practice, suggesting inconsistency in applying the skill.","실습 중 오류가 발생할 가능성도 있으며, 이는 기술을 적용하는 데 일관성이 부족함을 시사합니다.",True,slipping,FAIL_NLI,0.0189971923828125,entailment=0.019 < 임계값0.5
Q070,S3,"This combination appears to be, though this is not Certain.",이 조합은 확실하지는 않지만 보이는 것처럼 보인다.,True,slipping,FAIL_NLI,0.0151824951171875,entailment=0.015 < 임계값0.5
Q090,S1,"The student may have avoided engaging deeply with the material, indicating a possible reluctance to confront challenging aspects of the skill.","학생은 재료와 깊이적으로 소통하지 않았을 수도 있으며, 이는 기술의 어려운 측면에 직면하는 것을 피하고자 하는 가능성을 시사합니다.",True,cognitive_avoidance,FAIL_NLI,0.0804443359375,entailment=0.080 < 임계값0.5
Q090,S2,"There appears to be a noticeable inconsistency in performance, suggesting difficulty maintaining focus or accuracy over time.","성능에서 눈에 띄는 불일치가 있어, 시간이 지남에 따라 집중력이나 정확도를 유지하는 데 어려움이 있을 가능성이 있음을 시사합니다.",True,slipping,FAIL_NLI,0.0227508544921875,entailment=0.023 < 임계값0.5
